ID,Mating,RIX_ID,UW_Line,UWID,Virus,Timepoint,D0,D1,D2,D3,D4,D5,D6,D7,D8,D9,D10,D11,D12
13067x16912_133,13067x16912,133,17,1.12,WNV,12,0,0,0,0,0,0,0,0,0,0,0,0,0
13067x16912_134,13067x16912,134,17,2.12,WNV,12,0,0,0,0,0,0,0,0,0,0,0,0,0
13067x16912_135,13067x16912,135,17,3.12,WNV,12,0,0,0,0,0,0,0,0,0,0,0,0,0
13067x16912_172,13067x16912,172,17,1.4,WNV,4,0,0,0,0,0,,,,,,,,
13067x16912_173,13067x16912,173,17,2.4,WNV,4,0,0,0,0,0,,,,,,,,
13067x16912_174,13067x16912,174,17,3.4,WNV,4,0,0,0,0,0,,,,,,,,
13067x16912_175,13067x16912,175,17,1.7,WNV,7,0,0,0,0,0,0,0,0,,,,,
13067x16912_176,13067x16912,176,17,2.7,WNV,7,0,0,0,0,0,0,0,0,,,,,
13067x16912_181,13067x16912,181,17,3.7,WNV,7,0,0,0,0,0,0,0,0,,,,,
13067x16912_32,13067x16912,32,17,1.2,WNV,2,0,0,0,,,,,,,,,,
13067x16912_33,13067x16912,33,17,2.2,WNV,2,0,0,0,,,,,,,,,,
13067x16912_51,13067x16912,51,17,3.2,WNV,2,0,0,0,,,,,,,,,,
13067x5306_36,13067x5306,36,63,1.2,WNV,2,0,0,0,,,,,,,,,,
13067x5306_37,13067x5306,37,63,2.2,WNV,2,0,0,0,,,,,,,,,,
13067x5306_38,13067x5306,38,63,3.2,WNV,2,0,0,0,,,,,,,,,,
13067x5306_45,13067x5306,45,63,1.4,WNV,4,0,0,0,0,0,,,,,,,,
13067x5306_46,13067x5306,46,63,1.7,WNV,7,0,0,0,0,0,0,0,0,,,,,
13067x5306_47,13067x5306,47,63,1.12,WNV,12,0,0,0,0,0,0,0,0,0,0,0,0,0
13067x5306_48,13067x5306,48,63,2.4,WNV,4,0,0,0,0,0,,,,,,,,
13067x5306_49,13067x5306,49,63,2.7,WNV,7,0,0,0,0,0,0,0,0,,,,,
13067x5306_56,13067x5306,56,63,3.4,WNV,4,0,0,0,0,0,,,,,,,,
13067x5306_57,13067x5306,57,63,3.7,WNV,7,0,0,0,0,0,0,0,0,,,,,
13067x5306_58,13067x5306,58,63,2.12,WNV,12,0,0,0,0,0,0,0,0,0,0,0,0,0
13067x5306_64,13067x5306,64,63,3.12,WNV,12,0,0,0,0,0,0,0,0,0,0,0,0,0
13140x16680_49,13140x16680,49,48,1.7,WNV,7,0,0,0,0,0,0,0,0,,,,,
13140x16680_50,13140x16680,50,48,2.7,WNV,7,0,0,0,0,0,0,0,0,,,,,
13140x16680_51,13140x16680,51,48,1.12,WNV,12,0,0,0,0,0,0,0,0,0,1,2,2,2
13140x16680_52,13140x16680,52,48,2.12,WNV,12,0,0,0,0,0,0,0,0,0,1,2,2,2
13140x16680_53,13140x16680,53,48,3.12,WNV,12,0,0,0,0,0,0,0,0,0,1,2,,
13140x16680_60,13140x16680,60,48,3.7,WNV,7,0,0,0,0,0,0,0,0,,,,,
13140x16680_66,13140x16680,66,48,1.2,WNV,2,0,0,0,,,,,,,,,,
13140x16680_67,13140x16680,67,48,2.2,WNV,2,0,0,0,,,,,,,,,,
13140x16680_68,13140x16680,68,48,3.2,WNV,2,0,0,0,,,,,,,,,,
13140x16680_74,13140x16680,74,48,1.4,WNV,4,0,0,0,0,0,,,,,,,,
13140x16680_78,13140x16680,78,48,2.4,WNV,4,0,0,0,0,0,,,,,,,,
13140x16680_79,13140x16680,79,48,3.4,WNV,4,0,0,0,0,0,,,,,,,,
13140x3015_261,13140x3015,261,2,1.2,WNV,2,0,0,0,,,,,,,,,,
13140x3015_262,13140x3015,262,2,2.2,WNV,2,0,0,0,,,,,,,,,,
13140x3015_267,13140x3015,267,2,3.2,WNV,2,0,0,0,,,,,,,,,,
13140x3015_333,13140x3015,333,2,1.4,WNV,4,0,0,0,0,0,,,,,,,,
13140x3015_334,13140x3015,334,2,2.4,WNV,4,0,0,0,0,0,,,,,,,,
13140x3015_335,13140x3015,335,2,3.4,WNV,4,0,0,0,0,0,,,,,,,,
13421x16034_10,13421x16034,10,78,1.7,WNV,7,0,0,0,0,0,0,0,0,,,,,
13421x16034_13,13421x16034,13,78,2.2,WNV,2,0,0,0,,,,,,,,,,
13421x16034_14,13421x16034,14,78,3.2,WNV,2,0,0,0,,,,,,,,,,
13421x16034_15,13421x16034,15,78,2.4,WNV,4,0,0,0,0,0,,,,,,,,
13421x16034_16,13421x16034,16,78,2.7,WNV,7,0,0,0,0,0,0,0,0,,,,,
13421x16034_19,13421x16034,19,78,3.4,WNV,4,0,0,0,0,0,,,,,,,,
13421x16034_21,13421x16034,21,78,3.7,WNV,7,0,0,0,0,0,0,0,0,,,,,
13421x16034_29,13421x16034,29,78,1.12,WNV,12,0,0,0,0,0,0,0,0,0,0,0,0,0
13421x16034_30,13421x16034,30,78,2.12,WNV,12,0,0,0,0,0,0,0,0,0,0,0,0,0
13421x16034_33,13421x16034,33,78,3.12,WNV,12,0,0,0,0,0,0,0,0,0,0,0,0,0
13421x16034_8,13421x16034,8,78,1.2,WNV,2,0,0,0,,,,,,,,,,
13421x16034_9,13421x16034,9,78,1.4,WNV,4,0,0,0,0,0,,,,,,,,
13421x3260_1,13421x3260,1,93,1.4,WNV,4,0,0,0,0,0,,,,,,,,
13421x3260_10,13421x3260,10,93,3.7,WNV,7,0,0,0,0,0,0,0,0,,,,,
13421x3260_2,13421x3260,2,93,1.7,WNV,7,0,0,0,0,0,0,0,0,,,,,
13421x3260_26,13421x3260,26,93,1.2,WNV,2,0,0,0,,,,,,,,,,
13421x3260_27,13421x3260,27,93,2.2,WNV,2,0,0,0,,,,,,,,,,
13421x3260_28,13421x3260,28,93,3.2,WNV,2,0,0,0,,,,,,,,,,
13421x3260_37,13421x3260,37,93,1.12,WNV,12,0,0,0,0,0,0,0,0,0,0,1,1,2
13421x3260_41,13421x3260,41,93,2.12,WNV,12,0,0,0,0,0,0,0,0,0,0,1,2,
13421x3260_42,13421x3260,42,93,3.12,WNV,12,0,0,0,0,0,0,0,0,0,0,0,0,0
13421x3260_7,13421x3260,7,93,2.4,WNV,4,0,0,0,0,0,,,,,,,,
13421x3260_8,13421x3260,8,93,3.4,WNV,4,0,0,0,0,0,,,,,,,,
13421x3260_9,13421x3260,9,93,2.7,WNV,7,0,0,0,0,0,0,0,0,,,,,
15119x16521_1,15119x16521,1,96,1.2,WNV,2,0,0,0,,,,,,,,,,
15119x16521_18,15119x16521,18,96,1.12,WNV,12,0,0,0,0,0,0,0,0,2,3,,,
15119x16521_19,15119x16521,19,96,2.12,WNV,12,0,0,0,0,0,0,0,0,1,4,,,
15119x16521_2,15119x16521,2,96,2.2,WNV,2,0,0,0,,,,,,,,,,
15119x16521_24,15119x16521,24,96,3.12,WNV,12,0,0,0,0,0,0,0,0,0,0,0,0,0
15119x16521_29,15119x16521,29,96,1.7,WNV,7,0,0,0,0,0,0,0,0,,,,,
15119x16521_3,15119x16521,3,96,3.2,WNV,2,0,0,0,,,,,,,,,,
15119x16521_30,15119x16521,30,96,2.7,WNV,7,0,0,0,0,0,0,0,0,,,,,
15119x16521_31,15119x16521,31,96,3.7,WNV,7,0,0,0,0,0,0,0,0,,,,,
15119x16521_4,15119x16521,4,96,1.4,WNV,4,0,0,0,0,0,,,,,,,,
15119x16521_5,15119x16521,5,96,2.4,WNV,4,0,0,0,0,0,,,,,,,,
15119x16521_6,15119x16521,6,96,3.4,WNV,4,0,0,0,0,0,,,,,,,,
15155x8054_11,15155x8054,11,43,1.12,WNV,12,0,0,0,0,0,0,0,0,0,0,0,0,0
15155x8054_119,15155x8054,119,43,1.2,WNV,2,0,0,0,,,,,,,,,,
15155x8054_12,15155x8054,12,43,2.12,WNV,12,0,0,0,0,0,0,0,0,0,0,0,0,0
15155x8054_120,15155x8054,120,43,2.2,WNV,2,0,0,0,,,,,,,,,,
15155x8054_121,15155x8054,121,43,3.2,WNV,2,0,0,0,,,,,,,,,,
15155x8054_13,15155x8054,13,43,3.12,WNV,12,0,0,0,0,0,0,0,0,0,0,0,0,0
15155x8054_22,15155x8054,22,43,1.4,WNV,4,0,0,0,0,,,,,,,,,
15155x8054_23,15155x8054,23,43,2.4,WNV,4,0,0,0,0,0,,,,,,,,
15155x8054_24,15155x8054,24,43,3.4,WNV,4,0,0,0,0,0,,,,,,,,
15155x8054_31,15155x8054,31,43,1.7,WNV,7,0,0,0,0,0,0,0,0,,,,,
15155x8054_32,15155x8054,32,43,2.7,WNV,7,0,0,0,0,0,0,0,0,,,,,
15155x8054_40,15155x8054,40,43,3.7,WNV,7,0,0,0,0,0,0,0,0,,,,,
15156x1566_328,15156x1566,328,3,1.2,WNV,2,0,0,0,,,,,,,,,,
15156x1566_329,15156x1566,329,3,2.2,WNV,2,0,0,0,,,,,,,,,,
15156x1566_331,15156x1566,331,3,1.7,WNV,7,0,0,0,0,0,0,0,0,,,,,
15156x1566_332,15156x1566,332,3,2.7,WNV,7,0,0,0,0,0,0,0,0,,,,,
15156x1566_340,15156x1566,340,3,3.2,WNV,2,0,0,0,,,,,,,,,,
15156x1566_343,15156x1566,343,3,1.4,WNV,4,0,0,0,0,0,,,,,,,,
15156x1566_344,15156x1566,344,3,2.4,WNV,4,0,0,0,0,0,,,,,,,,
15156x1566_345,15156x1566,345,3,3.4,WNV,4,0,0,0,0,0,,,,,,,,
15156x1566_346,15156x1566,346,3,3.7,WNV,7,0,0,0,0,0,0,0,0,,,,,
15156x1566_359,15156x1566,359,3,1.12,WNV,12,0,0,0,0,0,0,0,0,1,1,2,2,3
15156x1566_360,15156x1566,360,3,2.12,WNV,12,0,0,0,0,0,0,0,0,1,2,2,2,3
15156x1566_361,15156x1566,361,3,3.13,WNV,12,0,0,0,0,0,0,0,0,1,2,2,2,4
15156x3252_100,15156x3252,100,19,1.7,WNV,7,0,0,0,0,0,0,0,0,,,,,
15156x3252_101,15156x3252,101,19,2.7,WNV,7,0,0,0,0,0,0,0,0,,,,,
15156x3252_102,15156x3252,102,19,3.7,WNV,7,0,0,0,0,0,0,0,0,,,,,
15156x3252_16,15156x3252,16,19,1.12,WNV,12,0,0,0,0,0,0,0,0,1,0,1,3,
15156x3252_17,15156x3252,17,19,2.12,WNV,12,0,0,0,0,0,0,0,0,0,0,0,0,0
15156x3252_24,15156x3252,24,19,2.4,WNV,4,0,0,0,0,0,,,,,,,,
15156x3252_25,15156x3252,25,19,3.4,WNV,4,0,0,0,0,0,,,,,,,,
15156x3252_31,15156x3252,31,19,3.12,WNV,12,0,0,0,0,0,0,0,0,0,0,1,2,3
15156x3252_4,15156x3252,4,19,1.2,WNV,2,0,0,0,,,,,,,,,,
15156x3252_5,15156x3252,5,19,2.2,WNV,2,0,0,0,,,,,,,,,,
15156x3252_8,15156x3252,8,19,3.2,WNV,2,0,0,0,,,,,,,,,,
15156x3252_9,15156x3252,9,19,1.4,WNV,4,0,0,0,0,0,,,,,,,,
1566x8043_121,1566x8043,121,49,1.12,WNV,12,0,0,0,0,0,0,0,0,1,1,2,,
1566x8043_124,1566x8043,124,49,2.12,WNV,12,0,0,0,0,0,0,0,0,1,1,2,,
1566x8043_125,1566x8043,125,49,3.12,WNV,12,0,0,0,0,0,0,0,0,,,,,
1566x8043_127,1566x8043,127,49,1.7,WNV,7,0,0,0,0,0,0,0,1,,,,,
1566x8043_128,1566x8043,128,49,2.7,WNV,7,0,0,0,0,0,0,1,1,,,,,
1566x8043_138,1566x8043,138,49,1.4,WNV,4,0,0,0,0,0,,,,,,,,
1566x8043_139,1566x8043,139,49,2.4,WNV,4,0,0,0,0,0,,,,,,,,
1566x8043_140,1566x8043,140,49,3.4,WNV,4,0,0,0,0,0,,,,,,,,
1566x8043_142,1566x8043,142,49,3.7,WNV,7,0,0,0,0,0,0,1,1,,,,,
1566x8043_152,1566x8043,152,49,1.2,WNV,2,0,0,0,,,,,,,,,,
1566x8043_153,1566x8043,153,49,2.2,WNV,2,0,0,0,,,,,,,,,,
1566x8043_154,1566x8043,154,49,3.2,WNV,2,0,0,0,,,,,,,,,,
16012x15119_30,16012x15119,30,55,1.4,WNV,4,0,0,0,0,0,,,,,,,,
16012x15119_31,16012x15119,31,55,2.4,WNV,4,0,0,0,0,0,,,,,,,,
16012x15119_32,16012x15119,32,55,3.4,WNV,4,0,0,0,0,0,,,,,,,,
16012x15119_37,16012x15119,37,55,1.7,WNV,7,0,0,0,0,0,0,0,0,,,,,
16012x15119_38,16012x15119,38,55,2.7,WNV,7,0,0,0,0,0,0,0,0,,,,,
16012x15119_39,16012x15119,39,55,3.7,WNV,7,0,0,0,0,0,0,0,0,,,,,
16012x15119_44,16012x15119,44,55,1.2,WNV,2,0,0,0,,,,,,,,,,
16012x15119_45,16012x15119,45,55,2.2,WNV,2,0,0,0,,,,,,,,,,
16012x15119_46,16012x15119,46,55,3.2,WNV,2,0,0,0,,,,,,,,,,
16012x15119_63,16012x15119,63,55,1.12,WNV,12,0,0,0,0,0,0,0,0,0,1,1,2,
16012x15119_64,16012x15119,64,55,2.12,WNV,12,0,0,0,0,0,0,0,0,0,0,1,,
16012x15119_65,16012x15119,65,55,3.12,WNV,12,0,0,0,0,0,0,0,0,0,1,1,2,2
16034x13067_10,16034x13067,10,79,2.2,WNV,2,0,0,0,,,,,,,,,,
16034x13067_12,16034x13067,12,79,3.2,WNV,2,0,0,0,,,,,,,,,,
16034x13067_15,16034x13067,15,79,1.7,WNV,7,0,0,0,0,0,0,0,0,,,,,
16034x13067_19,16034x13067,19,79,2.7,WNV,7,0,0,0,0,0,0,0,0,,,,,
16034x13067_23,16034x13067,23,79,3.7,WNV,7,0,0,0,0,0,0,0,0,,,,,
16034x13067_34,16034x13067,34,79,1.12,WNV,12,0,0,0,0,0,0,0,0,0,0,0,0,0
16034x13067_36,16034x13067,36,79,2.12,WNV,12,0,0,0,0,0,0,0,0,0,0,0,0,0
16034x13067_42,16034x13067,42,79,3.12,WNV,12,0,0,0,0,0,0,0,0,0,0,0,0,0
16034x13067_6,16034x13067,6,79,1.4,WNV,4,0,0,0,0,0,0,,,,,,,
16034x13067_7,16034x13067,7,79,2.4,WNV,4,0,0,0,0,0,0,,,,,,,
16034x13067_8,16034x13067,8,79,3.4,WNV,4,0,0,0,0,0,0,,,,,,,
16034x13067_9,16034x13067,9,79,1.2,WNV,2,0,0,0,,,,,,,,,,
16072x3393_152,16072x3393,152,56,1.12,WNV,12,0,0,0,0,0,0,0,0,0,0,0,0,1
16072x3393_153,16072x3393,153,56,2.12,WNV,12,0,0,0,0,0,0,0,0,0,0,0,1,1
16072x3393_154,16072x3393,154,56,3.12,WNV,12,0,0,0,0,0,0,0,0,0,1,1,2,
16072x3393_242,16072x3393,242,56,1.2,WNV,2,0,0,0,,,,,,,,,,
16072x3393_243,16072x3393,243,56,2.2,WNV,2,0,0,0,,,,,,,,,,
16072x3393_244,16072x3393,244,56,3.2,WNV,2,0,0,0,,,,,,,,,,
16072x3393_66,16072x3393,66,56,1.4,WNV,4,0,0,0,0,0,,,,,,,,
16072x3393_67,16072x3393,67,56,2.4,WNV,4,0,0,0,0,0,,,,,,,,
16072x3393_68,16072x3393,68,56,1.7,WNV,7,0,0,0,0,0,0,0,0,,,,,
16072x3393_69,16072x3393,69,56,3.4,WNV,4,0,0,0,0,0,,,,,,,,
16072x3393_74,16072x3393,74,56,2.7,WNV,7,0,0,0,0,0,0,0,0,,,,,
16072x3393_75,16072x3393,75,56,3.7,WNV,7,0,0,0,0,0,0,0,0,,,,,
16072x5346_12,16072x5346,12,81,1.4,WNV,4,0,0,0,0,0,0,,,,,,,
16072x5346_13,16072x5346,13,81,2.4,WNV,4,0,0,0,0,0,0,,,,,,,
16072x5346_14,16072x5346,14,81,1.7,WNV,7,0,0,0,0,0,0,0,0,,,,,
16072x5346_15,16072x5346,15,81,2.7,WNV,7,0,0,0,0,0,0,0,0,,,,,
16072x5346_25,16072x5346,25,81,3.4,WNV,4,0,0,0,0,0,0,,,,,,,
16072x5346_26,16072x5346,26,81,3.7,WNV,7,0,0,0,0,0,0,0,0,,,,,
16072x5346_59,16072x5346,59,81,1.2,WNV,2,0,0,0,,,,,,,,,,
16072x5346_60,16072x5346,60,81,2.2,WNV,2,0,0,0,,,,,,,,,,
16072x5346_61,16072x5346,61,81,1.12,WNV,12,0,0,0,0,0,0,0,0,0,0,0,0,0
16072x5346_62,16072x5346,62,81,2.12,WNV,12,0,0,0,0,0,0,0,0,0,0,0,0,
16072x5346_67,16072x5346,67,81,3.2,WNV,2,0,0,0,,,,,,,,,,
16072x5346_68,16072x5346,68,81,3.12,WNV,12,0,0,0,0,0,0,0,0,0,0,0,0,0
16188x3252_205,16188x3252,205,4,1.4,WNV,4,0,0,0,0,0,,,,,,,,
16188x3252_211,16188x3252,211,4,2.4,WNV,4,0,0,0,0,0,,,,,,,,
16188x3252_212,16188x3252,212,4,3.4,WNV,4,0,0,0,0,0,,,,,,,,
16188x3252_239,16188x3252,239,4,1.2,WNV,2,0,0,0,,,,,,,,,,
16188x3252_240,16188x3252,240,4,2.2,WNV,2,0,0,0,,,,,,,,,,
16188x3252_241,16188x3252,241,4,3.2,WNV,2,0,0,0,,,,,,,,,,
16188x3252_248,16188x3252,248,4,1.12,WNV,12,0,0,0,0,0,0,0,0,0,0,1,2,2
16188x3252_249,16188x3252,249,4,2.12,WNV,12,0,0,0,0,0,0,0,0,0,0,0,0,0
16188x3252_252,16188x3252,252,4,3.12,WNV,12,0,0,0,0,0,0,0,0,0,0,0,0,0
16188x3252_269,16188x3252,269,4,1.7,WNV,7,0,0,0,0,0,0,0,0,,,,,
16188x3252_270,16188x3252,270,4,2.7,WNV,7,0,0,0,0,0,0,0,0,,,,,
16188x3252_271,16188x3252,271,4,3.7,WNV,7,0,0,0,0,0,0,0,0,,,,,
16188x8005_19,16188x8005,19,25,1.4,WNV,4,0,0,0,0,0,,,,,,,,
16188x8005_20,16188x8005,20,25,1.2,WNV,2,0,0,0,,,,,,,,,,
16188x8005_32,16188x8005,32,25,1.7,WNV,7,0,0,0,0,0,0,0,0,,,,,
16188x8005_33,16188x8005,33,25,2.7,WNV,7,0,0,0,0,0,0,0,0,,,,,
16188x8005_52,16188x8005,52,25,2.2,WNV,2,0,0,0,,,,,,,,,,
16188x8005_65,16188x8005,65,25,2.4,WNV,4,0,0,0,0,0,,,,,,,,
16188x8005_66,16188x8005,66,25,3.2,WNV,2,0,0,0,,,,,,,,,,
16188x8005_71,16188x8005,71,25,3.4,WNV,4,0,0,0,0,0,,,,,,,,
16188x8005_72,16188x8005,72,25,3.7,WNV,7,0,0,0,0,0,0,0,0,,,,,
16188x8005_87,16188x8005,87,25,1.12,WNV,12,0,0,0,0,0,0,0,0,0,0,0,0,0
16188x8005_88,16188x8005,88,25,2.12,WNV,12,0,0,0,0,0,0,0,0,0,0,0,0,0
16188x8005_89,16188x8005,89,25,3.12,WNV,12,0,0,0,0,0,0,0,0,0,0,0,0,0
16211x13140_47,16211x13140,47,8,1.4,WNV,4,0,0,0,0,0,,,,,,,,
16211x13140_48,16211x13140,48,8,2.4,WNV,4,0,0,0,0,0,,,,,,,,
16211x13140_49,16211x13140,49,8,3.4,WNV,4,0,0,0,0,0,,,,,,,,
16211x13140_55,16211x13140,55,8,1.2,WNV,2,0,0,0,,,,,,,,,,
16211x13140_56,16211x13140,56,8,2.2,WNV,2,0,0,0,,,,,,,,,,
16211x13140_57,16211x13140,57,8,3.2,WNV,2,0,0,0,,,,,,,,,,
16211x13140_61,16211x13140,61,8,1.7,WNV,7,0,0,0,0,0,0,0,0,,,,,
16211x13140_62,16211x13140,62,8,2.7,WNV,7,0,0,0,0,0,0,0,0,,,,,
16211x13140_63,16211x13140,63,8,3.7,WNV,7,0,0,0,0,0,0,0,0,,,,,
16211x13140_66,16211x13140,66,8,1.12,WNV,12,0,0,0,0,0,0,0,0,0,1,2,2,2
16211x13140_67,16211x13140,67,8,2.12,WNV,12,0,0,0,0,0,0,0,0,0,1,2,,
16211x13140_68,16211x13140,68,8,3.12,WNV,12,0,0,0,0,0,0,0,0,0,2,,,
16211x16557_115,16211x16557,115,39,1.2,WNV,2,0,0,0,,,,,,,,,,
16211x16557_116,16211x16557,116,39,2.2,WNV,2,0,0,0,,,,,,,,,,
16211x16557_121,16211x16557,121,39,3.2,WNV,2,0,0,0,,,,,,,,,,
16211x16557_140,16211x16557,140,39,1.12,WNV,12,0,0,0,0,0,0,0,0,0,0,0,0,0
16211x16557_141,16211x16557,141,39,2.12,WNV,12,0,0,0,0,0,0,0,0,0,1,1,1,1
16211x16557_142,16211x16557,142,39,3.12,WNV,12,0,0,0,0,0,0,0,0,0,1,1,1,1
16211x16557_32,16211x16557,32,39,1.7,WNV,7,0,0,0,0,0,0,0,0,,,,,
16211x16557_33,16211x16557,33,39,2.7,WNV,7,0,0,0,0,0,0,0,0,,,,,
16211x16557_34,16211x16557,34,39,3.7,WNV,7,0,0,0,0,0,0,0,0,,,,,
16211x16557_39,16211x16557,39,39,1.4,WNV,4,0,0,0,0,0,,,,,,,,
16211x16557_40,16211x16557,40,39,2.4,WNV,4,0,0,0,0,0,,,,,,,,
16211x16557_41,16211x16557,41,39,3.4,WNV,4,0,0,0,0,0,,,,,,,,
16211x8049_1,16211x8049,1,110,1.2,WNV,2,0,0,0,,,,,,,,,,
16211x8049_19,16211x8049,19,110,3.4,WNV,4,0,0,0,0,0,,,,,,,,
16211x8049_2,16211x8049,2,110,2.2,WNV,2,0,0,0,,,,,,,,,,
16211x8049_20,16211x8049,20,110,3.7,WNV,7,0,0,0,0,0,0,0,0,,,,,
16211x8049_3,16211x8049,3,110,3.2,WNV,2,0,0,0,,,,,,,,,,
16211x8049_44,16211x8049,44,110,1.12,WNV,12,0,0,0,0,0,0,0,0,0,0,0,0,0
16211x8049_45,16211x8049,45,110,2.12,WNV,12,0,0,0,0,0,0,0,0,0,0,0,0,0
16211x8049_46,16211x8049,46,110,3.12,WNV,12,0,0,0,0,0,0,0,0,0,0,0,0,0
16211x8049_6,16211x8049,6,110,1.4,WNV,4,0,0,0,0,0,,,,,,,,
16211x8049_7,16211x8049,7,110,2.4,WNV,4,0,0,0,0,0,,,,,,,,
16211x8049_8,16211x8049,8,110,1.7,WNV,7,0,0,0,0,0,0,0,0,,,,,
16211x8049_9,16211x8049,9,110,2.7,WNV,7,0,0,0,0,0,0,0,0,,,,,
16296x477_38,16296x477,38,64,1.4,WNV,4,0,0,0,0,0,,,,,,,,
16296x477_39,16296x477,39,64,2.4,WNV,4,0,0,0,0,0,,,,,,,,
16296x477_40,16296x477,40,64,1.7,WNV,7,0,0,0,0,0,0,0,0,,,,,
16296x477_41,16296x477,41,64,2.7,WNV,7,0,0,0,0,0,0,0,0,,,,,
16296x477_43,16296x477,43,64,3.4,WNV,4,0,0,0,0,0,,,,,,,,
16296x477_45,16296x477,45,64,3.7,WNV,7,0,0,0,0,0,0,0,0,,,,,
16441x8005_100,16441x8005,100,7,2.2,WNV,2,0,0,0,,,,,,,,,,
16441x8005_101,16441x8005,101,7,3.2,WNV,2,0,0,0,,,,,,,,,,
16441x8005_108,16441x8005,108,7,3.4,WNV,4,0,0,0,0,0,,,,,,,,
16441x8005_110,16441x8005,110,7,1.12,WNV,12,0,0,0,0,0,0,0,0,0,0,0,0,0
16441x8005_111,16441x8005,111,7,2.12,WNV,12,0,0,0,0,0,0,0,0,0,0,0,0,0
16441x8005_112,16441x8005,112,7,3.12,WNV,12,0,0,0,0,0,0,0,0,0,0,0,0,0
16441x8005_89,16441x8005,89,7,1.4,WNV,4,0,0,0,0,0,,,,,,,,
16441x8005_90,16441x8005,90,7,2.4,WNV,4,0,0,0,0,0,,,,,,,,
16441x8005_91,16441x8005,91,7,1.7,WNV,7,0,0,0,0,0,0,0,0,,,,,
16441x8005_92,16441x8005,92,7,2.7,WNV,7,0,0,0,0,0,0,0,0,,,,,
16441x8005_93,16441x8005,93,7,3.7,WNV,7,0,0,0,0,0,0,0,0,,,,,
16441x8005_99,16441x8005,99,7,1.2,WNV,2,0,0,0,,,,,,,,,,
16441x8024_124,16441x8024,124,45,1.12,WNV,12,0,0,0,0,0,0,0,0,0,0,0,0,0
16441x8024_125,16441x8024,125,45,2.12,WNV,12,0,0,0,0,0,0,0,0,0,0,0,0,0
16441x8024_126,16441x8024,126,45,3.12,WNV,12,0,0,0,0,0,0,0,0,0,0,0,0,0
16441x8024_143,16441x8024,143,45,1.2,WNV,2,0,0,0,,,,,,,,,,
16441x8024_144,16441x8024,144,45,2.2,WNV,2,0,0,0,,,,,,,,,,
16441x8024_145,16441x8024,145,45,3.2,WNV,2,0,0,0,,,,,,,,,,
16441x8024_75,16441x8024,75,45,1.7,WNV,7,0,0,0,0,0,0,0,0,,,,,
16441x8024_76,16441x8024,76,45,2.7,WNV,7,0,0,0,0,0,0,0,0,,,,,
16441x8024_77,16441x8024,77,45,3.7,WNV,7,0,0,0,0,0,0,0,0,,,,,
16441x8024_87,16441x8024,87,45,1.4,WNV,4,0,0,0,0,0,,,,,,,,
16441x8024_88,16441x8024,88,45,2.4,WNV,4,0,0,0,0,0,,,,,,,,
16441x8024_89,16441x8024,89,45,3.4,WNV,4,0,0,0,0,0,,,,,,,,
16513x15156_105,16513x15156,105,9,1.7,WNV,7,0,0,0,0,0,0,0,0,,,,,
16513x15156_106,16513x15156,106,9,2.7,WNV,7,0,0,0,0,0,0,0,0,,,,,
16513x15156_111,16513x15156,111,9,3.7,WNV,7,0,0,0,0,0,0,0,0,,,,,
16513x15156_124,16513x15156,124,9,1.4,WNV,4,0,0,0,0,0,,,,,,,,
16513x15156_125,16513x15156,125,9,2.4,WNV,4,0,0,0,0,0,,,,,,,,
16513x15156_126,16513x15156,126,9,3.4,WNV,4,0,0,0,0,0,,,,,,,,
16513x15156_127,16513x15156,127,9,1.12,WNV,12,0,0,0,0,0,0,0,0,0,0,0,0,0
16513x15156_138,16513x15156,138,9,2.12,WNV,12,0,0,0,0,0,0,0,0,0,0,0,0,0
16513x15156_142,16513x15156,142,9,3.12,WNV,12,0,0,0,0,0,0,0,0,0,0,0,0,0
16513x15156_230,16513x15156,230,9,4.7,WNV,7,0,0,0,0,0,0,0,0,,,,,
16513x15156_231,16513x15156,231,9,5.7,WNV,7,0,0,0,0,0,0,0,0,,,,,
16513x15156_232,16513x15156,232,9,6.7,WNV,7,0,0,0,0,0,0,0,0,,,,,
16513x15156_271,16513x15156,271,9,4.2,WNV,2,0,0,0,,,,,,,,,,
16513x15156_272,16513x15156,272,9,5.2,WNV,2,0,0,0,,,,,,,,,,
16513x15156_273,16513x15156,273,9,6.2,WNV,2,0,0,0,,,,,,,,,,
16513x15156_282,16513x15156,282,9,4.12,WNV,12,0,0,0,0,0,0,0,0,0,0,0,0,0
16513x15156_283,16513x15156,283,9,5.12,WNV,12,0,0,0,0,0,0,0,0,0,0,0,0,0
16513x15156_285,16513x15156,285,9,6.12,WNV,12,0,0,0,0,0,0,0,0,0,0,0,0,0
16513x15156_305,16513x15156,305,9,4.4,WNV,4,0,0,0,0,0,,,,,,,,
16513x15156_306,16513x15156,306,9,5.4,WNV,4,0,0,0,0,0,,,,,,,,
16513x15156_307,16513x15156,307,9,6.4,WNV,4,0,0,0,0,0,,,,,,,,
16513x15156_46,16513x15156,46,9,1.2,WNV,2,0,0,0,,,,,,,,,,
16513x15156_49,16513x15156,49,9,2.2,WNV,2,0,0,0,,,,,,,,,,
16513x15156_50,16513x15156,50,9,3.2,WNV,2,0,0,0,,,,,,,,,,
16513x16188_10,16513x16188,10,21,3.7,WNV,7,0,0,0,0,0,0,0,0,,,,,
16513x16188_37,16513x16188,37,21,1.12,WNV,12,0,0,0,0,0,0,0,0,0,0,0,0,0
16513x16188_38,16513x16188,38,21,2.12,WNV,12,0,0,0,0,0,0,0,0,0,0,0,0,0
16513x16188_39,16513x16188,39,21,3.12,WNV,12,0,0,0,0,0,0,0,0,0,0,0,0,0
16513x16188_5,16513x16188,5,21,1.7,WNV,7,0,0,0,0,0,0,0,0,,,,,
16513x16188_50,16513x16188,50,21,1.4,WNV,4,0,0,0,0,0,,,,,,,,
16513x16188_51,16513x16188,51,21,2.4,WNV,4,0,0,0,0,0,,,,,,,,
16513x16188_6,16513x16188,6,21,2.7,WNV,7,0,0,0,0,0,0,0,0,,,,,
16513x16188_60,16513x16188,60,21,3.4,WNV,4,0,0,0,0,0,,,,,,,,
16513x16188_92,16513x16188,92,21,1.2,WNV,2,0,0,0,,,,,,,,,,
16513x16188_93,16513x16188,93,21,2.2,WNV,2,0,0,0,,,,,,,,,,
16513x16188_94,16513x16188,94,21,3.2,WNV,2,0,0,0,,,,,,,,,,
16513x8027_1,16513x8027,1,106,1.2,WNV,2,0,0,0,,,,,,,,,,
16513x8027_11,16513x8027,11,106,3.2,WNV,2,0,0,0,,,,,,,,,,
16513x8027_12,16513x8027,12,106,3.4,WNV,4,0,0,0,0,0,,,,,,,,
16513x8027_13,16513x8027,13,106,2.7,WNV,7,0,0,0,0,0,0,0,0,,,,,
16513x8027_14,16513x8027,14,106,3.7,WNV,7,0,0,0,0,0,0,0,0,,,,,
16513x8027_18,16513x8027,18,106,1.12,WNV,12,0,0,0,0,0,0,0,0,0,0,0,0,0
16513x8027_2,16513x8027,2,106,1.4,WNV,4,0,0,0,0,0,,,,,,,,
16513x8027_29,16513x8027,29,106,2.12,WNV,12,0,0,0,0,0,0,0,0,0,0,0,0,0
16513x8027_3,16513x8027,3,106,1.7,WNV,7,0,0,0,0,0,0,0,0,,,,,
16513x8027_34,16513x8027,34,106,3.12,WNV,12,0,0,0,0,0,0,0,0,0,0,0,0,0
16513x8027_6,16513x8027,6,106,2.2,WNV,2,0,0,0,,,,,,,,,,
16513x8027_7,16513x8027,7,106,2.4,WNV,4,0,0,0,0,0,,,,,,,,
16521x3260_12,16521x3260,12,80,2.4,WNV,4,0,0,0,0,0,,,,,,,,
16521x3260_13,16521x3260,13,80,1.7,WNV,7,0,0,0,0,0,0,0,0,,,,,
16521x3260_14,16521x3260,14,80,2.7,WNV,7,0,0,0,0,0,0,0,0,,,,,
16521x3260_17,16521x3260,17,80,3.4,WNV,4,0,0,0,0,0,,,,,,,,
16521x3260_19,16521x3260,19,80,3.7,WNV,7,0,0,0,0,0,0,0,0,,,,,
16521x3260_23,16521x3260,23,80,1.2,WNV,2,0,0,0,,,,,,,,,,
16521x3260_24,16521x3260,24,80,2.2,WNV,2,0,0,0,,,,,,,,,,
16521x3260_29,16521x3260,29,80,3.2,WNV,2,0,0,0,,,,,,,,,,
16521x3260_74,16521x3260,74,80,1.12,WNV,12,0,0,0,0,0,0,0,0,0,0,1,1,
16521x3260_75,16521x3260,75,80,2.12,WNV,12,0,0,0,0,0,0,0,0,0,0,0,0,0
16521x3260_80,16521x3260,80,80,3.12,WNV,12,0,0,0,0,0,0,0,0,0,0,1,1,1
16521x3260_9,16521x3260,9,80,1.4,WNV,4,0,0,0,0,0,,,,,,,,
16521x5391_1,16521x5391,1,97,1.2,WNV,2,0,0,0,,,,,,,,,,
16521x5391_15,16521x5391,15,97,1.7,WNV,7,0,0,0,0,0,0,0,0,,,,,
16521x5391_16,16521x5391,16,97,2.7,WNV,7,0,0,0,0,0,0,0,0,,,,,
16521x5391_17,16521x5391,17,97,3.7,WNV,7,0,0,0,0,0,0,0,0,,,,,
16521x5391_2,16521x5391,2,97,1.4,WNV,4,0,0,0,0,0,,,,,,,,
16521x5391_29,16521x5391,29,97,1.12,WNV,12,0,0,0,0,0,0,0,0,0,0,0,1,1
16521x5391_32,16521x5391,32,97,2.12,WNV,12,0,0,0,0,0,0,0,0,0,0,0,0,0
16521x5391_33,16521x5391,33,97,3.12,WNV,12,0,0,0,0,0,0,0,0,0,0,0,0,1
16521x5391_5,16521x5391,5,97,2.2,WNV,2,0,0,0,,,,,,,,,,
16521x5391_6,16521x5391,6,97,3.2,WNV,2,0,0,0,,,,,,,,,,
16521x5391_7,16521x5391,7,97,2.4,WNV,4,0,0,0,0,0,,,,,,,,
16521x5391_8,16521x5391,8,97,3.4,WNV,4,0,0,0,0,0,,,,,,,,
16557x13067_2,16557x13067,2,31,1.7,WNV,7,0,0,0,0,0,0,0,0,,,,,
16557x13067_3,16557x13067,3,31,2.7,WNV,7,0,0,0,0,0,0,0,0,,,,,
16557x13067_54,16557x13067,54,31,1.2,WNV,2,0,0,0,,,,,,,,,,
16557x13067_55,16557x13067,55,31,2.2,WNV,2,0,0,0,,,,,,,,,,
16557x13067_59,16557x13067,59,31,3.2,WNV,2,0,0,0,,,,,,,,,,
16557x13067_6,16557x13067,6,31,1.4,WNV,4,0,0,0,0,0,,,,,,,,
16557x13067_7,16557x13067,7,31,2.4,WNV,4,0,0,0,0,0,,,,,,,,
16557x13067_78,16557x13067,78,31,1.12,WNV,12,0,0,0,0,0,0,0,0,0,0,0,0,0
16557x13067_79,16557x13067,79,31,2.12,WNV,12,0,0,0,0,0,0,0,0,0,0,0,0,0
16557x13067_8,16557x13067,8,31,3.4,WNV,4,0,0,0,0,0,,,,,,,,
16557x13067_80,16557x13067,80,31,3.12,WNV,12,0,0,0,0,0,0,0,0,0,0,0,0,0
16557x13067_9,16557x13067,9,31,3.7,WNV,7,0,0,0,0,0,0,0,0,,,,,
16557x3154_11,16557x3154,11,82,1.4,WNV,4,0,0,0,0,0,,,,,,,,
16557x3154_12,16557x3154,12,82,2.4,WNV,4,0,0,0,0,0,,,,,,,,
16557x3154_13,16557x3154,13,82,1.7,WNV,7,0,0,0,0,0,0,0,0,,,,,
16557x3154_16,16557x3154,16,82,2.7,WNV,7,0,0,0,0,0,0,0,0,,,,,
16557x3154_18,16557x3154,18,82,3.4,WNV,4,0,0,0,0,0,,,,,,,,
16557x3154_19,16557x3154,19,82,3.7,WNV,7,0,0,0,0,0,0,0,0,,,,,
16557x3154_43,16557x3154,43,82,1.2,WNV,2,0,0,0,,,,,,,,,,
16557x3154_46,16557x3154,46,82,2.2,WNV,2,0,0,0,,,,,,,,,,
16557x3154_48,16557x3154,48,82,3.2,WNV,2,0,0,0,,,,,,,,,,
16557x3154_56,16557x3154,56,82,1.12,WNV,12,0,0,0,0,0,0,0,0,1,1,1,1,
16557x3154_57,16557x3154,57,82,2.12,WNV,12,0,0,0,0,0,0,0,0,1,1,1,,
16557x3154_61,16557x3154,61,82,3.12,WNV,12,0,0,0,0,0,0,0,0,1,1,1,,
16680x16750_1,16680x16750,1,104,1.4,WNV,4,0,0,0,0,0,,,,,,,,
16680x16750_12,16680x16750,12,104,1.7,WNV,7,0,0,0,0,0,0,0,0,,,,,
16680x16750_13,16680x16750,13,104,2.7,WNV,7,0,0,0,0,0,0,0,0,,,,,
16680x16750_14,16680x16750,14,104,3.7,WNV,7,0,0,0,0,0,0,0,0,,,,,
16680x16750_16,16680x16750,16,104,1.12,WNV,12,0,0,0,0,0,0,0,0,1,1,2,2,2
16680x16750_2,16680x16750,2,104,2.4,WNV,4,0,0,0,0,0,,,,,,,,
16680x16750_20,16680x16750,20,104,2.12,WNV,12,0,0,0,0,0,0,0,0,2,3,,,
16680x16750_27,16680x16750,27,104,3.12,WNV,12,0,0,0,0,0,0,0,0,1,1,2,2,2
16680x16750_3,16680x16750,3,104,3.4,WNV,4,0,0,0,0,0,,,,,,,,
16680x16750_5,16680x16750,5,104,1.2,WNV,2,0,0,0,,,,,,,,,,
16680x16750_6,16680x16750,6,104,2.2,WNV,2,0,0,0,,,,,,,,,,
16680x16750_9,16680x16750,9,104,3.2,WNV,2,0,0,0,,,,,,,,,,
16680x8016_46,16680x8016,46,50,1.12,WNV,12,0,0,0,0,0,0,0,0,0,0,0,1,
16680x8016_47,16680x8016,47,50,2.12,WNV,12,0,0,0,0,0,0,0,0,0,0,0,1,1
16680x8016_48,16680x8016,48,50,3.12,WNV,12,0,0,0,0,0,0,0,0,0,0,0,1,1
16680x8016_67,16680x8016,67,50,1.4,WNV,4,0,0,0,0,0,,,,,,,,
16680x8016_68,16680x8016,68,50,2.4,WNV,4,0,0,0,0,0,,,,,,,,
16680x8016_69,16680x8016,69,50,3.4,WNV,4,0,0,0,0,0,,,,,,,,
16680x8016_76,16680x8016,76,50,1.7,WNV,7,0,0,0,0,0,0,0,0,,,,,
16680x8016_77,16680x8016,77,50,2.7,WNV,7,0,0,0,0,0,0,0,0,,,,,
16680x8016_78,16680x8016,78,50,3.7,WNV,7,0,0,0,0,0,0,0,0,,,,,
16680x8016_84,16680x8016,84,50,1.2,WNV,2,0,0,0,,,,,,,,,,
16680x8016_86,16680x8016,86,50,2.2,WNV,2,0,0,0,,,,,,,,,,
16680x8016_87,16680x8016,87,50,3.2,WNV,2,0,0,0,,,,,,,,,,
16750x13421_106,16750x13421,106,65,1.4,WNV,4,0,0,0,0,0,,,,,,,,
16750x13421_107,16750x13421,107,65,2.4,WNV,4,0,0,0,0,0,,,,,,,,
16750x13421_108,16750x13421,108,65,3.4,WNV,4,0,0,0,0,0,,,,,,,,
16750x13421_116,16750x13421,116,65,1.2,WNV,2,0,0,0,,,,,,,,,,
16750x13421_117,16750x13421,117,65,1.7,WNV,7,0,0,0,0,0,0,0,0,,,,,
16750x13421_123,16750x13421,123,65,2.2,WNV,2,0,0,0,,,,,,,,,,
16750x13421_124,16750x13421,124,65,3.2,WNV,2,0,0,0,,,,,,,,,,
16750x13421_125,16750x13421,125,65,2.7,WNV,7,0,0,0,0,0,0,0,0,,,,,
16750x13421_126,16750x13421,126,65,3.7,WNV,7,0,0,0,0,0,0,0,0,,,,,
16750x13421_129,16750x13421,129,65,1.12,WNV,12,0,0,0,0,0,0,0,0,1,1,1,1,2
16750x13421_130,16750x13421,130,65,2.12,WNV,12,0,0,0,0,0,0,0,0,1,1,2,2,2
16750x13421_145,16750x13421,145,65,3.12,WNV,12,0,0,0,0,0,0,0,0,1,1,,,
16750x15155_19,16750x15155,19,105,1.7,WNV,7,0,0,0,0,0,0,0,0,,,,,
16750x15155_26,16750x15155,26,105,2.7,WNV,7,0,0,0,0,0,0,0,0,,,,,
16750x15155_27,16750x15155,27,105,3.7,WNV,7,0,0,0,0,0,0,0,0,,,,,
16750x15155_46,16750x15155,46,105,1.2,WNV,2,0,,,,,,,,,,,,
16750x15155_47,16750x15155,47,105,2.2,WNV,2,0,,,,,,,,,,,,
16750x15155_48,16750x15155,48,105,1.4,WNV,4,0,0,0,0,0,,,,,,,,
16750x15155_49,16750x15155,49,105,2.4,WNV,4,0,0,0,0,0,,,,,,,,
16750x15155_55,16750x15155,55,105,3.2,WNV,2,0,,,,,,,,,,,,
16750x15155_57,16750x15155,57,105,3.4,WNV,4,0,0,0,0,0,,,,,,,,
16750x15155_58,16750x15155,58,105,1.12,WNV,12,0,0,0,0,0,0,0,0,0,0,0,0,0
16750x15155_81,16750x15155,81,105,2.12,WNV,12,0,0,0,0,0,0,0,0,0,0,0,0,0
16750x15155_82,16750x15155,82,105,3.12,WNV,12,0,0,0,0,0,0,0,0,0,0,0,0,0
16768x5035_22,16768x5035,22,111,2.2,WNV,2,0,0,0,,,,,,,,,,
16768x5035_24,16768x5035,24,111,1.12,WNV,12,0,0,0,0,0,0,0,0,1,,,,
16768x5035_28,16768x5035,28,111,3.2,WNV,2,0,0,0,,,,,,,,,,
16768x5035_30,16768x5035,30,111,1.7,WNV,7,0,0,0,0,0,0,0,0,,,,,
16768x5035_34,16768x5035,34,111,2.7,WNV,7,0,0,0,0,0,0,0,0,,,,,
16768x5035_35,16768x5035,35,111,3.7,WNV,7,0,0,0,0,0,0,0,0,,,,,
16768x5035_45,16768x5035,45,111,2.12,WNV,12,0,0,0,0,0,0,0,0,0,0,0,0,0
16768x5035_46,16768x5035,46,111,3.12,WNV,12,0,0,0,0,0,0,0,0,1,1,1,1,
16768x5035_49,16768x5035,49,111,1.4,WNV,4,0,0,0,0,0,,,,,,,,
16768x5035_50,16768x5035,50,111,2.4,WNV,4,0,0,0,0,0,,,,,,,,
16768x5035_52,16768x5035,52,111,3.4,WNV,4,0,0,0,0,0,,,,,,,,
16768x8021_47,16768x8021,47,66,1.4,WNV,4,0,0,0,0,0,,,,,,,,
16768x8021_48,16768x8021,48,66,2.4,WNV,4,0,0,0,0,0,,,,,,,,
16768x8021_49,16768x8021,49,66,3.4,WNV,4,0,0,0,0,0,,,,,,,,
16768x8021_62,16768x8021,62,66,1.7,WNV,7,0,0,0,0,0,0,0,0,,,,,
16768x8021_66,16768x8021,66,66,2.7,WNV,7,0,0,0,0,0,0,0,0,,,,,
16768x8021_67,16768x8021,67,66,3.7,WNV,7,0,0,0,0,0,0,0,0,,,,,
16768x8021_74,16768x8021,74,66,1.2,WNV,2,0,0,0,,,,,,,,,,
16768x8021_75,16768x8021,75,66,2.2,WNV,2,0,0,0,,,,,,,,,,
16768x8021_77,16768x8021,77,66,3.2,WNV,2,0,0,0,,,,,,,,,,
16768x8021_88,16768x8021,88,66,1.12,WNV,12,0,0,0,0,0,0,0,0,0,0,0,0,0
16768x8021_89,16768x8021,89,66,2.12,WNV,12,0,0,0,0,0,0,0,0,0,0,0,0,0
16768x8021_96,16768x8021,96,66,3.12,WNV,12,0,0,0,0,0,0,0,0,0,1,1,1,2
16785x5358_1,16785x5358,1,112,1.2,WNV,2,0,0,0,,,,,,,,,,
16785x5358_2,16785x5358,2,112,2.2,WNV,2,0,0,0,,,,,,,,,,
16785x5358_21,16785x5358,21,112,1.4,WNV,4,0,0,0,0,0,,,,,,,,
16785x5358_22,16785x5358,22,112,2.4,WNV,4,0,0,0,0,0,,,,,,,,
16785x5358_23,16785x5358,23,112,3.4,WNV,4,0,0,0,0,0,,,,,,,,
16785x5358_3,16785x5358,3,112,3.2,WNV,2,0,0,0,,,,,,,,,,
16785x5358_7,16785x5358,7,112,1.7,WNV,7,0,0,0,0,0,0,0,0,,,,,
16785x5358_8,16785x5358,8,112,2.7,WNV,7,0,0,0,0,0,0,0,0,,,,,
16785x5358_9,16785x5358,9,112,3.7,WNV,7,0,0,0,0,0,0,0,0,,,,,
16785x773_1,16785x773,1,89,1.2,WNV,2,0,0,0,,,,,,,,,,
16785x773_12,16785x773,12,89,3.2,WNV,2,0,0,0,,,,,,,,,,
16785x773_13,16785x773,13,89,3.4,WNV,4,0,0,0,0,0,,,,,,,,
16785x773_14,16785x773,14,89,3.7,WNV,7,0,0,0,0,0,0,0,0,,,,,
16785x773_15,16785x773,15,89,1.12,WNV,12,0,0,0,0,0,0,0,0,0,0,0,0,0
16785x773_16,16785x773,16,89,2.12,WNV,12,0,0,0,0,0,0,0,0,0,0,0,0,0
16785x773_19,16785x773,19,89,3.12,WNV,12,0,0,0,0,0,0,0,0,0,0,0,0,0
16785x773_2,16785x773,2,89,1.4,WNV,4,0,0,0,0,0,,,,,,,,
16785x773_3,16785x773,3,89,1.7,WNV,7,0,0,0,0,0,0,0,0,,,,,
16785x773_5,16785x773,5,89,2.2,WNV,2,0,0,0,,,,,,,,,,
16785x773_6,16785x773,6,89,2.4,WNV,4,0,0,0,0,0,,,,,,,,
16785x773_7,16785x773,7,89,2.7,WNV,7,0,0,0,0,0,0,0,0,,,,,
16912x16211_1,16912x16211,1,10,1.2,WNV,2,0,0,0,,,,,,,,,,
16912x16211_2,16912x16211,2,10,2.2,WNV,2,0,0,0,,,,,,,,,,
16912x16211_21,16912x16211,21,10,1.12,WNV,12,0,0,0,0,0,0,0,0,0,2,2,2,2
16912x16211_22,16912x16211,22,10,2.12,WNV,12,0,0,0,0,0,0,0,0,0,0,0,0,0
16912x16211_24,16912x16211,24,10,1.7,WNV,7,0,0,0,0,0,0,0,0,,,,,
16912x16211_25,16912x16211,25,10,2.7,WNV,7,0,0,0,0,0,0,0,0,,,,,
16912x16211_26,16912x16211,26,10,1.4,WNV,4,0,0,0,0,0,,,,,,,,
16912x16211_38,16912x16211,38,10,3.7,WNV,7,0,0,0,0,0,0,0,0,,,,,
16912x16211_40,16912x16211,40,10,3.2,WNV,2,0,0,0,,,,,,,,,,
16912x16211_44,16912x16211,44,10,2.4,WNV,4,0,0,0,0,0,,,,,,,,
16912x16211_46,16912x16211,46,10,3.4,WNV,4,0,0,0,0,0,,,,,,,,
16912x16211_94,16912x16211,94,10,3.12,WNV,12,0,0,0,0,0,0,0,0,0,0,0,0,0
16912x5489_102,16912x5489,102,41,1.2,WNV,2,0,0,0,,,,,,,,,,
16912x5489_103,16912x5489,103,41,2.2,WNV,2,0,0,0,,,,,,,,,,
16912x5489_104,16912x5489,104,41,3.2,WNV,2,0,0,0,,,,,,,,,,
16912x5489_30,16912x5489,30,41,1.7,WNV,7,0,0,0,0,0,0,0,0,,,,,
16912x5489_31,16912x5489,31,41,2.7,WNV,7,0,0,0,0,0,0,0,0,,,,,
16912x5489_32,16912x5489,32,41,3.7,WNV,7,0,0,0,0,0,0,0,0,,,,,
16912x5489_42,16912x5489,42,41,1.4,WNV,4,0,0,0,0,0,,,,,,,,
16912x5489_43,16912x5489,43,41,2.4,WNV,4,0,0,0,0,0,,,,,,,,
16912x5489_44,16912x5489,44,41,3.4,WNV,4,0,0,0,0,0,,,,,,,,
16912x5489_83,16912x5489,83,41,1.12,WNV,12,0,0,0,0,0,0,0,1,1,1,2,2,
16912x5489_84,16912x5489,84,41,2.12,WNV,12,0,0,0,0,0,0,0,1,1,1,2,,
16912x5489_85,16912x5489,85,41,3.12,WNV,12,0,0,0,0,0,0,0,1,1,1,1,1,2
18018x3460_20,18018x3460,20,99,1.7,WNV,7,0,0,0,0,0,0,0,0,,,,,
18018x3460_21,18018x3460,21,99,2.7,WNV,7,0,0,0,0,0,0,0,0,,,,,
18018x3460_24,18018x3460,24,99,3.7,WNV,7,0,0,0,0,0,0,0,0,,,,,
18018x3460_35,18018x3460,35,99,1.2,WNV,2,0,0,0,,,,,,,,,,
18018x3460_36,18018x3460,36,99,2.2,WNV,2,0,0,0,,,,,,,,,,
18018x3460_37,18018x3460,37,99,3.2,WNV,2,0,0,0,,,,,,,,,,
18018x3460_59,18018x3460,59,99,1.4,WNV,4,0,0,0,0,0,,,,,,,,
18018x3460_60,18018x3460,60,99,2.4,WNV,4,0,0,0,0,0,,,,,,,,
18018x3460_61,18018x3460,61,99,3.4,WNV,4,0,0,0,0,0,,,,,,,,
18018x3460_81,18018x3460,81,99,1.12,WNV,12,0,0,0,0,0,0,0,0,1,1,1,2,2
18018x3460_83,18018x3460,83,99,2.12,WNV,12,0,0,0,0,0,0,0,0,0,0,1,1,1
18018x3460_84,18018x3460,84,99,3.12,WNV,12,0,0,0,0,0,0,0,0,1,1,1,2,
18042x3032_59,18042x3032,59,26,1.4,WNV,4,0,0,0,0,0,,,,,,,,
18042x3032_60,18042x3032,60,26,2.4,WNV,4,0,0,0,0,0,,,,,,,,
18042x3032_61,18042x3032,61,26,3.4,WNV,4,0,0,0,0,0,,,,,,,,
18042x3032_62,18042x3032,62,26,1.7,WNV,7,0,0,0,0,,,0,0,,,,,
18042x3032_63,18042x3032,63,26,2.7,WNV,7,0,0,0,0,,,0,0,,,,,
18042x3032_64,18042x3032,64,26,3.7,WNV,7,0,0,0,0,,,0,0,,,,,
18042x3032_93,18042x3032,93,26,1.2,WNV,2,0,0,,,,,,,,,,,
18042x3032_94,18042x3032,94,26,2.2,WNV,2,0,0,,,,,,,,,,,
18042x3032_95,18042x3032,95,26,3.2,WNV,2,0,0,,,,,,,,,,,
3015x5306_42,3015x5306,42,107,1.4,WNV,4,0,0,0,0,0,,,,,,,,
3015x5306_43,3015x5306,43,107,2.4,WNV,4,0,0,0,0,0,,,,,,,,
3015x5306_44,3015x5306,44,107,3.4,WNV,4,0,0,0,0,0,,,,,,,,
3015x5306_47,3015x5306,47,107,1.7,WNV,7,0,0,0,0,0,0,0,0.5,,,,,
3015x5306_48,3015x5306,48,107,2.7,WNV,7,0,0,0,0,0,0,0,1,,,,,
3015x5306_49,3015x5306,49,107,3.7,WNV,7,0,0,0,0,0,0,0,,,,,,
3015x5306_50,3015x5306,50,107,1.12,WNV,12,0,0,0,0,0,0,0,0.5,,,,,
3015x5306_51,3015x5306,51,107,2.12,WNV,12,0,0,0,0,0,0,0,0.5,,,,,
3015x5306_57,3015x5306,57,107,3.12,WNV,12,0,0,0,0,0,0,0,,,,,,
3015x5306_62,3015x5306,62,107,1.2,WNV,2,0,0,0,,,,,,,,,,
3015x5306_63,3015x5306,63,107,2.2,WNV,2,0,0,0,,,,,,,,,,
3015x5306_64,3015x5306,64,107,3.2,WNV,2,0,0,0,,,,,,,,,,
3015x5358_1,3015x5358,1,90,1.7,WNV,7,0,0,0,0,0,0,0,0,,,,,
3015x5358_10,3015x5358,10,90,2.2,WNV,2,0,0,0,,,,,,,,,,
3015x5358_11,3015x5358,11,90,3.2,WNV,2,0,0,0,,,,,,,,,,
3015x5358_12,3015x5358,12,90,1.4,WNV,4,0,0,0,0,0,,,,,,,,
3015x5358_13,3015x5358,13,90,2.4,WNV,4,0,0,0,0,0,,,,,,,,
3015x5358_14,3015x5358,14,90,3.4,WNV,4,0,0,0,0,0,,,,,,,,
3015x5358_2,3015x5358,2,90,2.7,WNV,7,0,0,0,0,0,0,0,0,,,,,
3015x5358_26,3015x5358,26,90,1.12,WNV,12,0,0,0,0,0,0,0,0,0,0,0,0,0
3015x5358_3,3015x5358,3,90,3.7,WNV,7,0,0,0,0,0,0,0,0,,,,,
3015x5358_33,3015x5358,33,90,2.12,WNV,12,0,0,0,0,0,0,0,0,1,,,,
3015x5358_34,3015x5358,34,90,3.12,WNV,12,0,0,0,0,0,0,0,0,0,0,,,
3015x5358_4,3015x5358,4,90,1.2,WNV,2,0,0,0,,,,,,,,,,
3032x16188_119,3032x16188,119,11,3.7,WNV,7,0,0,0,0,0,0,0,0,,,,,
3032x16188_126,3032x16188,126,11,1.4,WNV,4,0,0,0,0,0,,,,,,,,
3032x16188_127,3032x16188,127,11,2.4,WNV,4,0,0,0,0,0,,,,,,,,
3032x16188_134,3032x16188,134,11,1.2,WNV,2,0,0,0,,,,,,,,,,
3032x16188_135,3032x16188,135,11,2.2,WNV,2,0,0,0,,,,,,,,,,
3032x16188_136,3032x16188,136,11,3.4,WNV,4,0,0,0,0,0,,,,,,,,
3032x16188_148,3032x16188,148,11,3.2,WNV,2,0,0,0,,,,,,,,,,
3032x16188_47,3032x16188,47,11,1.12,WNV,12,0,0,0,0,0,0,0,0,0,0,0,0,0
3032x16188_48,3032x16188,48,11,2.12,WNV,12,0,0,0,0,0,0,0,0,0,0,0,0,0
3032x16188_65,3032x16188,65,11,3.12,WNV,12,0,0,0,0,0,0,0,0,0,0,0,0,0
3032x16188_90,3032x16188,90,11,1.7,WNV,7,0,0,0,0,0,0,0,0,,,,,
3032x16188_96,3032x16188,96,11,2.7,WNV,7,0,0,0,0,0,0,0,0,,,,,
3032x16441_113,3032x16441,113,22,1.7,WNV,7,0,0,0,0,0,0,0,0,,,,,
3032x16441_114,3032x16441,114,22,2.7,WNV,7,0,0,0,0,0,0,0,0,,,,,
3032x16441_115,3032x16441,115,22,3.7,WNV,7,0,0,0,0,0,0,0,0,,,,,
3032x16441_124,3032x16441,124,22,1.4,WNV,4,0,0,0,0,0,,,,,,,,
3032x16441_125,3032x16441,125,22,2.4,WNV,4,0,0,0,0,0,,,,,,,,
3032x16441_126,3032x16441,126,22,3.4,WNV,4,0,0,0,0,0,,,,,,,,
3032x16441_203,3032x16441,203,22,1.12,WNV,12,0,0,0,0,0,0,0,0,0,0,0,0,0
3032x16441_204,3032x16441,204,22,2.12,WNV,12,0,0,0,0,0,0,0,0,0,0,0,0,0
3032x16441_205,3032x16441,205,22,3.12,WNV,12,0,0,0,0,0,0,0,0,0,0,0,0,0
3154x16012_1,3154x16012,1,83,1.4,WNV,4,0,0,0,0,0,,,,,,,,
3154x16012_18,3154x16012,18,83,1.2,WNV,2,0,0,0,,,,,,,,,,
3154x16012_19,3154x16012,19,83,2.2,WNV,2,0,0,0,,,,,,,,,,
3154x16012_2,3154x16012,2,83,2.4,WNV,4,0,0,0,0,0,,,,,,,,
3154x16012_26,3154x16012,26,83,3.2,WNV,2,0,0,0,,,,,,,,,,
3154x16012_3,3154x16012,3,83,3.4,WNV,4,0,0,0,0,0,,,,,,,,
3154x16012_37,3154x16012,37,83,1.7,WNV,7,0,0,0,0,0,0,0,0,,,,,
3154x16012_38,3154x16012,38,83,2.7,WNV,7,0,0,0,0,0,0,0,0,,,,,
3154x16012_45,3154x16012,45,83,3.7,WNV,7,0,0,0,0,0,0,0,0,,,,,
3154x16012_63,3154x16012,63,83,1.12,WNV,12,0,0,0,0,0,0,0,0,0,0,0,0,0
3154x16012_64,3154x16012,64,83,2.12,WNV,12,0,0,0,0,0,0,0,0,0,1,1,1,
3154x16012_65,3154x16012,65,83,3.12,WNV,12,0,0,0,0,0,0,0,0,0,1,1,,
3154x3609_32,3154x3609,32,20,1.7,WNV,7,0,0,0,0,0,0,0,0,,,,,
3154x3609_33,3154x3609,33,20,2.7,WNV,7,0,0,0,0,0,0,0,0,,,,,
3154x3609_34,3154x3609,34,20,3.7,WNV,7,0,0,0,0,0,0,0,0,,,,,
3154x3609_74,3154x3609,74,20,1.12,WNV,12,0,0,0,0,0,0,0,0,0,0,0,1,2
3154x3609_78,3154x3609,78,20,2.12,WNV,12,0,0,0,0,0,0,0,0,0,0,0,1,1
3154x3609_79,3154x3609,79,20,1.4,WNV,4,0,0,0,0,0,,,,,,,,
3154x3609_81,3154x3609,81,20,1.2,WNV,2,0,0,0,,,,,,,,,,
3154x3609_82,3154x3609,82,20,2.2,WNV,2,0,0,0,,,,,,,,,,
3154x3609_83,3154x3609,83,20,3.2,WNV,2,0,0,0,,,,,,,,,,
3154x3609_84,3154x3609,84,20,2.4,WNV,4,0,0,0,0,0,,,,,,,,
3154x3609_85,3154x3609,85,20,3.4,WNV,4,0,0,0,0,0,,,,,,,,
3154x3609_89,3154x3609,89,20,3.12,WNV,12,0,0,0,0,0,0,0,0,0,0,2,,
3252x8002_113,3252x8002,113,27,1.12,WNV,12,0,0,0,0,0,0,0,0,0,1,1,1,1
3252x8002_114,3252x8002,114,27,2.12,WNV,12,0,0,0,0,0,0,0,0,0,0,0,0,0
3252x8002_115,3252x8002,115,27,3.12,WNV,12,0,0,0,0,0,0,0,0,0,1,1,2,2
3252x8002_119,3252x8002,119,27,1.4,WNV,4,0,0,0,0,0,,,,,,,,
3252x8002_120,3252x8002,120,27,2.4,WNV,4,0,0,0,0,0,,,,,,,,
3252x8002_133,3252x8002,133,27,3.4,WNV,4,0,0,0,0,0,,,,,,,,
3252x8002_134,3252x8002,134,27,1.2,WNV,2,0,0,,,,,,,,,,,
3252x8002_135,3252x8002,135,27,2.2,WNV,2,0,0,,,,,,,,,,,
3252x8002_137,3252x8002,137,27,3.2,WNV,2,0,0,,,,,,,,,,,
3252x8002_195,3252x8002,195,27,1.7,WNV,7,0,0,0,0,0,0,0,0,,,,,
3252x8002_196,3252x8002,196,27,2.7,WNV,7,0,0,0,0,0,0,0,0,,,,,
3252x8002_197,3252x8002,197,27,3.7,WNV,7,0,0,0,0,0,0,0,0,,,,,
3252x8042_103,3252x8042,103,12,3.12,WNV,12,0,0,0,0,0,0,0,0,0,0,0,0,0
3252x8042_124,3252x8042,124,12,1.4,WNV,4,0,0,0,0,0,,,,,,,,
3252x8042_125,3252x8042,125,12,1.7,WNV,7,0,0,0,0,0,0,0,0,,,,,
3252x8042_126,3252x8042,126,12,2.7,WNV,7,0,0,0,0,0,0,0,0,,,,,
3252x8042_127,3252x8042,127,12,3.7,WNV,7,0,0,0,0,0,0,0,0,,,,,
3252x8042_132,3252x8042,132,12,2.4,WNV,4,0,0,0,0,0,,,,,,,,
3252x8042_133,3252x8042,133,12,3.4,WNV,4,0,0,0,0,0,,,,,,,,
3252x8042_171,3252x8042,171,12,1.2,WNV,2,0,0,0,,,,,,,,,,
3252x8042_172,3252x8042,172,12,2.2,WNV,2,0,0,0,,,,,,,,,,
3252x8042_173,3252x8042,173,12,3.2,WNV,2,0,0,0,,,,,,,,,,
3252x8042_90,3252x8042,90,12,1.12,WNV,12,0,0,0,0,0,0,0,0,0,0,0,0,0
3252x8042_91,3252x8042,91,12,2.12,WNV,12,0,0,0,0,0,0,0,0,0,0,0,0,0
3260x1566_1,3260x1566,1,100,1.12,WNV,12,0,0,0,0,0,0,0,1,1,,,,
3260x1566_15,3260x1566,15,100,2.2,WNV,2,0,0,0,,,,,,,,,,
3260x1566_2,3260x1566,2,100,2.12,WNV,12,0,0,0,0,0,0,0,0,0,0,0,0,0
3260x1566_20,3260x1566,20,100,3.2,WNV,2,0,0,0,,,,,,,,,,
3260x1566_3,3260x1566,3,100,3.12,WNV,12,0,0,0,0,0,0,0,1,1,2,,,
3260x1566_35,3260x1566,35,100,1.4,WNV,4,0,0,0,0,0,,,,,,,,
3260x1566_36,3260x1566,36,100,2.4,WNV,4,0,0,0,0,0,,,,,,,,
3260x1566_37,3260x1566,37,100,3.4,WNV,4,0,0,0,0,0,,,,,,,,
3260x1566_47,3260x1566,47,100,1.7,WNV,7,0,0,0,0,0,0,0,0,,,,,
3260x1566_54,3260x1566,54,100,2.7,WNV,7,0,0,0,0,0,0,0,0,,,,,
3260x1566_55,3260x1566,55,100,3.7,WNV,7,0,0,0,0,0,0,0,0,,,,,
3260x1566_7,3260x1566,7,100,1.2,WNV,2,0,0,0,,,,,,,,,,
3260x5035_10,3260x5035,10,84,1.7,WNV,7,0,0,0,0,0,0,0,0,,,,,
3260x5035_11,3260x5035,11,84,2.7,WNV,7,0,0,0,0,0,0,0,0,,,,,
3260x5035_12,3260x5035,12,84,1.12,WNV,12,0,0,0,0,0,0,0,0,0,0,0,1,1
3260x5035_16,3260x5035,16,84,2.2,WNV,2,0,0,0,,,,,,,,,,
3260x5035_17,3260x5035,17,84,3.4,WNV,4,0,0,0,0,0,,,,,,,,
3260x5035_18,3260x5035,18,84,3.7,WNV,7,0,0,0,0,0,0,0,0,,,,,
3260x5035_19,3260x5035,19,84,2.12,WNV,12,0,0,0,0,0,0,0,0,0,1,1,,
3260x5035_20,3260x5035,20,84,3.12,WNV,12,0,0,0,0,0,0,0,0,0,1,1,2,2
3260x5035_6,3260x5035,6,84,1.2,WNV,2,0,0,0,,,,,,,,,,
3260x5035_65,3260x5035,65,84,3.2,WNV,2,0,0,0,,,,,,,,,,
3260x5035_8,3260x5035,8,84,1.4,WNV,4,0,0,0,0,0,,,,,,,,
3260x5035_9,3260x5035,9,84,2.4,WNV,4,0,0,0,0,0,,,,,,,,
3393x8052_23,3393x8052,23,47,1.12,WNV,12,0,0,0,0,0,0,0,0,1,1,1,2,
3393x8052_24,3393x8052,24,47,2.12,WNV,12,0,0,0,0,0,0,0,0,1,1,1,1,1
3393x8052_25,3393x8052,25,47,3.12,WNV,12,0,0,0,0,0,0,0,0,2,3,,,
3393x8052_43,3393x8052,43,47,1.4,WNV,4,0,0,0,0,0,,,,,,,,
3393x8052_44,3393x8052,44,47,2.4,WNV,4,0,0,0,0,0,,,,,,,,
3393x8052_45,3393x8052,45,47,3.4,WNV,4,0,0,0,0,0,,,,,,,,
3393x8052_73,3393x8052,73,47,1.2,WNV,2,0,0,0,,,,,,,,,,
3393x8052_74,3393x8052,74,47,2.2,WNV,2,0,0,0,,,,,,,,,,
3393x8052_75,3393x8052,75,47,1.7,WNV,7,0,0,0,0,0,0,0,0,,,,,
3393x8052_76,3393x8052,76,47,2.7,WNV,7,0,0,0,0,0,0,0,0,,,,,
3393x8052_80,3393x8052,80,47,3.7,WNV,7,0,0,0,0,0,0,0,0,,,,,
3393x8052_88,3393x8052,88,47,3.2,WNV,2,0,0,0,,,,,,,,,,
3415x16012_14,3415x16012,14,57,1.4,WNV,4,0,0,0,0,0,,,,,,,,
3415x16012_15,3415x16012,15,57,2.4,WNV,4,0,0,0,0,0,,,,,,,,
3415x16012_16,3415x16012,16,57,3.4,WNV,4,0,0,0,0,0,,,,,,,,
3415x16012_22,3415x16012,22,57,1.7,WNV,7,0,0,0,0,0,0,0,0,,,,,
3415x16012_23,3415x16012,23,57,2.7,WNV,7,0,0,0,0,0,0,0,0,,,,,
3415x16012_24,3415x16012,24,57,3.7,WNV,7,0,0,0,0,0,0,0,0,,,,,
3460x16072_1,3460x16072,1,103,1.4,WNV,4,0,0,0,0,0,,,,,,,,
3460x16072_2,3460x16072,2,103,2.4,WNV,4,0,0,0,0,0,,,,,,,,
3460x16072_3,3460x16072,3,103,3.4,WNV,4,0,0,0,0,0,,,,,,,,
3460x16072_30,3460x16072,30,103,1.12,WNV,12,0,0,0,0,0,0,0,0,1,1,1,1,3
3460x16072_31,3460x16072,31,103,2.12,WNV,12,0,0,0,0,0,0,0,0,1,1,1,,
3460x16072_32,3460x16072,32,103,3.12,WNV,12,0,0,0,0,0,0,0,0,1,1,1,3,
3460x16072_4,3460x16072,4,103,1.7,WNV,7,0,0,0,0,0,0,0,0,,,,,
3460x16072_40,3460x16072,40,103,1.2,WNV,2,0,0,0,,,,,,,,,,
3460x16072_41,3460x16072,41,103,2.2,WNV,2,0,0,0,,,,,,,,,,
3460x16072_42,3460x16072,42,103,3.2,WNV,2,0,0,0,,,,,,,,,,
3460x16072_5,3460x16072,5,103,2.7,WNV,7,0,0,0,0,0,0,0,0,,,,,
3460x16072_6,3460x16072,6,103,3.7,WNV,7,0,0,0,0,0,0,0,0,,,,,
3460x16750_64,3460x16750,64,67,1.2,WNV,2,0,0,0,,,,,,,,,,
3460x16750_65,3460x16750,65,67,1.4,WNV,4,0,0,0,0,0,,,,,,,,
3460x16750_68,3460x16750,68,67,2.2,WNV,2,0,0,0,,,,,,,,,,
3460x16750_69,3460x16750,69,67,3.2,WNV,2,0,0,0,,,,,,,,,,
3460x16750_70,3460x16750,70,67,2.4,WNV,4,0,0,0,0,0,,,,,,,,
3460x16750_71,3460x16750,71,67,3.4,WNV,4,0,0,0,0,0,,,,,,,,
3460x16750_72,3460x16750,72,67,1.7,WNV,7,0,0,0,0,0,0,0,1,,,,,
3460x16750_73,3460x16750,73,67,2.7,WNV,7,0,0,0,0,0,0,0,0,,,,,
3460x16750_74,3460x16750,74,67,1.12,WNV,12,0,0,0,0,0,0,0,0,1,1,2,,
3460x16750_82,3460x16750,82,67,3.7,WNV,7,0,0,0,0,0,0,0,1,,,,,
3460x16750_83,3460x16750,83,67,2.12,WNV,12,0,0,0,0,0,0,0,0,1,1,2,,
3460x16750_84,3460x16750,84,67,3.12,WNV,12,0,0,0,0,0,0,0,0,1,1,2,3,
3564x16785_1,3564x16785,1,85,1.2,WNV,2,0,0,0,,,,,,,,,,
3564x16785_10,3564x16785,10,85,1.12,WNV,12,0,0,0,0,0,0,0,0,0,0,0,0,0
3564x16785_12,3564x16785,12,85,3.2,WNV,2,0,0,0,,,,,,,,,,
3564x16785_13,3564x16785,13,85,3.4,WNV,4,0,0,0,0,0,0,,,,,,,
3564x16785_14,3564x16785,14,85,3.7,WNV,7,0,0,0,0,0,0,0,0,,,,,
3564x16785_15,3564x16785,15,85,2.12,WNV,12,0,0,0,0,0,0,0,0,0,0,0,0,0
3564x16785_16,3564x16785,16,85,3.12,WNV,12,0,0,0,0,0,0,0,0,0,0,0,0,0
3564x16785_2,3564x16785,2,85,1.4,WNV,4,0,0,0,0,0,0,,,,,,,
3564x16785_3,3564x16785,3,85,1.7,WNV,7,0,0,0,0,0,0,0,0,,,,,
3564x16785_7,3564x16785,7,85,2.2,WNV,2,0,0,0,,,,,,,,,,
3564x16785_8,3564x16785,8,85,2.4,WNV,4,0,0,0,0,0,0,,,,,,,
3564x16785_9,3564x16785,9,85,2.7,WNV,7,0,0,0,0,0,0,0,0,,,,,
3564x8027_10,3564x8027,10,71,2.4,WNV,4,0,0,0,0,0,,,,,,,,
3564x8027_11,3564x8027,11,71,1.12,WNV,12,0,0,0,0,0,0,0,0,0,0,0,0,0
3564x8027_12,3564x8027,12,71,2.12,WNV,12,0,0,0,0,0,0,0,0,0,0,0,0,0
3564x8027_22,3564x8027,22,71,3.2,WNV,2,0,0,0,,,,,,,,,,
3564x8027_24,3564x8027,24,71,3.4,WNV,4,0,0,0,0,0,,,,,,,,
3564x8027_28,3564x8027,28,71,3.12,WNV,12,0,0,0,0,0,0,0,0,0,0,0,0,0
3564x8027_3,3564x8027,3,71,1.2,WNV,2,0,0,0,,,,,,,,,,
3564x8027_4,3564x8027,4,71,2.2,WNV,2,0,0,0,,,,,,,,,,
3564x8027_7,3564x8027,7,71,1.4,WNV,4,0,0,0,0,0,,,,,,,,
3564x8027_70,3564x8027,70,71,1.7,WNV,7,0,0,0,0,0,0,0,0,,,,,
3564x8027_71,3564x8027,71,71,2.7,WNV,7,0,0,0,0,0,0,0,0,,,,,
3564x8027_82,3564x8027,82,71,3.7,WNV,7,0,0,0,0,0,0,0,0,,,,,
3609x5119_1,3609x5119,1,28,1.4,WNV,4,0,0,0,0,0,,,,,,,,
3609x5119_10,3609x5119,10,28,3.12,WNV,12,0,0,0,0,0,0,0,0,0,1,2,,
3609x5119_21,3609x5119,21,28,2.4,WNV,4,0,0,0,0,0,,,,,,,,
3609x5119_22,3609x5119,22,28,3.4,WNV,4,0,0,0,0,0,,,,,,,,
3609x5119_23,3609x5119,23,28,1.7,WNV,7,0,0,0,0,0,0,0,1,,,,,
3609x5119_24,3609x5119,24,28,1.2,WNV,2,0,0,0,,,,,,,,,,
3609x5119_25,3609x5119,25,28,2.7,WNV,7,0,0,0,0,0,0,0,1,,,,,
3609x5119_26,3609x5119,26,28,3.7,WNV,7,0,0,0,0,0,0,0,1,,,,,
3609x5119_32,3609x5119,32,28,2.2,WNV,2,0,0,0,,,,,,,,,,
3609x5119_45,3609x5119,45,28,3.2,WNV,2,0,0,0,,,,,,,,,,
3609x5119_8,3609x5119,8,28,1.12,WNV,12,0,0,0,0,0,0,0,0,0,1,1,1,1
3609x5119_9,3609x5119,9,28,2.12,WNV,12,0,0,0,0,0,0,0,0,0,1,2,2,3
3609x5489_130,3609x5489,130,29,1.12,WNV,12,0,0,0,0,0,0,0,0,1,1,1,0,1
3609x5489_131,3609x5489,131,29,2.12,WNV,12,0,0,0,0,0,0,0,0,1,1,2,2,
3609x5489_132,3609x5489,132,29,3.12,WNV,12,0,0,0,0,0,0,0,0,1,1,2,1,1
3609x5489_21,3609x5489,21,29,1.2,WNV,2,0,0,0,,,,,,,,,,
3609x5489_22,3609x5489,22,29,2.2,WNV,2,0,0,0,,,,,,,,,,
3609x5489_28,3609x5489,28,29,3.2,WNV,2,0,0,0,,,,,,,,,,
3609x5489_47,3609x5489,47,29,1.7,WNV,7,0,0,0,0,0,0,0,0,,,,,
3609x5489_48,3609x5489,48,29,2.7,WNV,7,0,0,0,0,0,0,0,0,,,,,
3609x5489_49,3609x5489,49,29,3.7,WNV,7,0,0,0,0,0,0,0,0,,,,,
3609x5489_50,3609x5489,50,29,2.4,WNV,4,0,0,0,0,0,,,,,,,,
3609x5489_51,3609x5489,51,29,3.4,WNV,4,0,0,0,0,0,,,,,,,,
3609x5489_9,3609x5489,9,29,1.4,WNV,4,0,0,0,0,0,,,,,,,,
4410x3460_30,4410x3460,30,68,1.4,WNV,4,0,0,0,0,0,,,,,,,,
4410x3460_31,4410x3460,31,68,1.7,WNV,7,0,0,0,0,0,0,0,0,,,,,
4410x3460_33,4410x3460,33,68,2.4,WNV,4,0,0,0,0,0,,,,,,,,
4410x3460_34,4410x3460,34,68,2.7,WNV,7,0,0,0,0,0,0,0,3,,,,,
4410x3460_35,4410x3460,35,68,1.12,WNV,12,0,0,0,0,0,0,0,1,1,2,,,
4410x3460_38,4410x3460,38,68,3.4,WNV,4,0,0,0,0,0,,,,,,,,
4410x3460_39,4410x3460,39,68,3.7,WNV,7,0,0,0,0,0,0,0,0,,,,,
4410x3460_40,4410x3460,40,68,2.12,WNV,12,0,0,0,0,0,0,0,0,0,0,0,0,0
4410x3460_41,4410x3460,41,68,3.12,WNV,12,0,0,0,0,0,0,0,1,1,1,2,,
4410x3460_52,4410x3460,52,68,1.2,WNV,2,0,0,0,,,,,,,,,,
4410x3460_53,4410x3460,53,68,2.2,WNV,2,0,0,0,,,,,,,,,,
4410x3460_54,4410x3460,54,68,3.2,WNV,2,0,0,0,,,,,,,,,,
477x16912_109,477x16912,109,52,2.12,WNV,12,0,0,0,0,0,0,0,0,0,0,1,1,1
477x16912_110,477x16912,110,52,3.12,WNV,12,0,0,0,0,0,0,0,0,0,0,1,1,1
477x16912_111,477x16912,111,52,1.4,WNV,4,0,0,0,0,0,,,,,,,,
477x16912_112,477x16912,112,52,2.4,WNV,4,0,0,0,0,0,,,,,,,,
477x16912_113,477x16912,113,52,3.4,WNV,4,0,0,0,0,0,,,,,,,,
477x16912_158,477x16912,158,52,1.7,WNV,7,0,0,0,0,0,0,0,0,,,,,
477x16912_159,477x16912,159,52,2.7,WNV,7,0,0,0,0,0,0,0,0,,,,,
477x16912_164,477x16912,164,52,3.7,WNV,7,0,0,0,0,0,0,0,0,,,,,
477x16912_186,477x16912,186,52,1.2,WNV,2,0,0,0,,,,,,,,,,
477x16912_187,477x16912,187,52,2.2,WNV,2,0,0,0,,,,,,,,,,
477x16912_188,477x16912,188,52,3.2,WNV,2,0,0,0,,,,,,,,,,
477x16912_87,477x16912,87,52,1.12,WNV,12,0,0,0,0,0,0,0,0,0,3,,,
5035x16785_11,5035x16785,11,72,1.7,WNV,7,0,0,0,0,0,0,0,0,,,,,
5035x16785_12,5035x16785,12,72,1.12,WNV,12,0,0,0,0,0,0,0,0,,,,,
5035x16785_16,5035x16785,16,72,3.2,WNV,2,0,0,0,,,,,,,,,,
5035x16785_17,5035x16785,17,72,2.4,WNV,4,0,0,0,0,0,,,,,,,,
5035x16785_19,5035x16785,19,72,2.7,WNV,7,0,0,0,0,0,0,0,0,,,,,
5035x16785_20,5035x16785,20,72,2.12,WNV,12,0,0,0,0,0,0,0,0,0,0,,,
5035x16785_25,5035x16785,25,72,3.4,WNV,4,0,0,0,0,0,,,,,,,,
5035x16785_26,5035x16785,26,72,3.7,WNV,7,0,0,0,0,0,0,0,0,,,,,
5035x16785_41,5035x16785,41,72,3.12,WNV,12,0,0,0,0,0,0,0,0,1,1,,,
5035x16785_5,5035x16785,5,72,1.2,WNV,2,0,0,0,,,,,,,,,,
5035x16785_6,5035x16785,6,72,2.2,WNV,2,0,0,0,,,,,,,,,,
5035x16785_8,5035x16785,8,72,1.4,WNV,4,0,0,0,0,0,,,,,,,,
5035x8054_20,5035x8054,20,101,1.7,WNV,7,0,0,0,0,0,0,0,0,,,,,
5035x8054_24,5035x8054,24,101,2.7,WNV,7,0,0,0,0,0,0,0,0,,,,,
5035x8054_25,5035x8054,25,101,3.7,WNV,7,0,0,0,0,0,0,0,0,,,,,
5035x8054_33,5035x8054,33,101,1.4,WNV,4,0,0,0,0,0,,,,,,,,
5035x8054_40,5035x8054,40,101,2.4,WNV,4,0,0,0,0,0,,,,,,,,
5035x8054_41,5035x8054,41,101,3.4,WNV,4,0,0,0,0,0,,,,,,,,
5035x8054_45,5035x8054,45,101,1.2,WNV,2,0,0,0,,,,,,,,,,
5035x8054_46,5035x8054,46,101,2.2,WNV,2,0,0,0,,,,,,,,,,
5035x8054_47,5035x8054,47,101,3.2,WNV,2,0,0,0,,,,,,,,,,
5035x8054_52,5035x8054,52,101,1.12,WNV,12,0,0,0,0,0,0,0,0,,,,,
5035x8054_53,5035x8054,53,101,2.12,WNV,12,0,0,0,0,0,0,0,0,1,1,2,,
5035x8054_54,5035x8054,54,101,3.12,WNV,12,0,0,0,0,0,0,0,0,1,1,,,
5080x8024_10,5080x8024,10,37,1.7,WNV,7,0,0,0,0,0,0,0,0,,,,,
5080x8024_11,5080x8024,11,37,2.7,WNV,7,0,0,0,0,0,0,0,0,,,,,
5080x8024_15,5080x8024,15,37,3.7,WNV,7,0,0,0,0,0,0,0,0,,,,,
5080x8024_45,5080x8024,45,37,1.4,WNV,4,0,0,0,0,0,,,,,,,,
5080x8024_46,5080x8024,46,37,2.4,WNV,4,0,0,0,0,0,,,,,,,,
5080x8024_48,5080x8024,48,37,3.4,WNV,4,0,0,0,0,0,,,,,,,,
5119x8018_100,5119x8018,100,23,1.7,WNV,7,0,0,0,0,0,0,0,0,,,,,
5119x8018_101,5119x8018,101,23,2.7,WNV,7,0,0,0,0,0,0,0,0,,,,,
5119x8018_102,5119x8018,102,23,3.7,WNV,7,0,0,0,0,0,0,0,0,,,,,
5119x8018_157,5119x8018,157,23,1.2,WNV,2,0,0,0,,,,,,,,,,
5119x8018_158,5119x8018,158,23,2.2,WNV,2,0,0,0,,,,,,,,,,
5119x8018_159,5119x8018,159,23,3.2,WNV,2,0,0,0,,,,,,,,,,
5119x8018_166,5119x8018,166,23,1.12,WNV,12,0,0,0,0,0,0,0,0,0,0,1,1,0
5119x8018_170,5119x8018,170,23,2.12,WNV,12,0,0,0,0,0,0,0,0,0,1,2,,
5119x8018_171,5119x8018,171,23,3.12,WNV,12,0,0,0,0,0,0,0,0,0,0,1,1,1
5119x8018_97,5119x8018,97,23,1.4,WNV,4,0,0,0,0,0,,,,,,,,
5119x8018_98,5119x8018,98,23,2.4,WNV,4,0,0,0,0,0,,,,,,,,
5119x8018_99,5119x8018,99,23,3.4,WNV,4,0,0,0,0,0,,,,,,,,
5306x16521_1,5306x16521,1,102,1.2,WNV,2,0,0,0,,,,,,,,,,
5306x16521_11,5306x16521,11,102,2.4,WNV,4,0,0,0,0,0,,,,,,,,
5306x16521_12,5306x16521,12,102,3.4,WNV,4,0,0,0,0,0,,,,,,,,
5306x16521_13,5306x16521,13,102,2.7,WNV,7,0,0,0,0,0,0,0,0,,,,,
5306x16521_14,5306x16521,14,102,3.7,WNV,7,0,0,0,0,0,0,0,0,,,,,
5306x16521_2,5306x16521,2,102,1.4,WNV,4,0,0,0,0,0,,,,,,,,
5306x16521_3,5306x16521,3,102,1.7,WNV,7,0,0,0,0,0,0,0,0,,,,,
5306x16521_30,5306x16521,30,102,1.12,WNV,12,0,0,0,0,0,0,0,0,0,0,0,0,1
5306x16521_33,5306x16521,33,102,2.12,WNV,12,0,0,0,0,0,0,0,0,0,0,4,,
5306x16521_34,5306x16521,34,102,3.12,WNV,12,0,0,0,0,0,0,0,0,0,0,1,1,1
5306x16521_4,5306x16521,4,102,2.2,WNV,2,0,0,0,,,,,,,,,,
5306x16521_8,5306x16521,8,102,3.2,WNV,2,0,0,0,,,,,,,,,,
5306x5346_60,5306x5346,60,108,1.12,WNV,12,0,0,0,0,0,0,0,0,0,0,0,0,0
5306x5346_61,5306x5346,61,108,2.12,WNV,12,0,0,0,0,0,0,0,0,0,0,0,0,0
5306x5346_62,5306x5346,62,108,3.12,WNV,12,0,0,0,0,0,0,0,0,0,0,0,0,0
5346x16768_125,5346x16768,125,58,1.2,WNV,2,0,0,0,,,,,,,,,,
5346x16768_130,5346x16768,130,58,1.12,WNV,12,0,0,0,0,0,0,0,0,0,0,0,0,0
5346x16768_133,5346x16768,133,58,2.2,WNV,2,0,0,0,,,,,,,,,,
5346x16768_139,5346x16768,139,58,2.12,WNV,12,0,0,0,0,0,0,0,0,0,0,0,0,0
5346x16768_140,5346x16768,140,58,3.12,WNV,12,0,0,0,0,0,0,0,0,0,0,0,0,0
5346x16768_157,5346x16768,157,58,3.2,WNV,2,0,0,0,,,,,,,,,,
5346x16768_188,5346x16768,188,58,1.7,WNV,7,0,0,0,0,0,0,0,0,,,,,
5346x16768_189,5346x16768,189,58,2.7,WNV,7,0,0,0,0,0,0,0,0,,,,,
5346x16768_190,5346x16768,190,58,3.7,WNV,7,0,0,0,0,0,0,0,0,,,,,
5346x16768_196,5346x16768,196,58,1.4,WNV,4,0,0,0,0,0,,,,,,,,
5346x16768_197,5346x16768,197,58,2.4,WNV,4,0,0,0,0,0,,,,,,,,
5346x16768_198,5346x16768,198,58,3.4,WNV,4,0,0,0,0,0,,,,,,,,
5358x8046_10,5358x8046,10,73,2.7,WNV,7,0,0,0,0,0,0,0,0,,,,,
5358x8046_11,5358x8046,11,73,3.4,WNV,4,0,0,0,0,0,,,,,,,,
5358x8046_13,5358x8046,13,73,3.7,WNV,7,0,0,0,0,0,0,0,0,,,,,
5358x8046_31,5358x8046,31,73,1.2,WNV,2,0,0,0,,,,,,,,,,
5358x8046_32,5358x8046,32,73,2.2,WNV,2,0,0,0,,,,,,,,,,
5358x8046_35,5358x8046,35,73,3.2,WNV,2,0,0,0,,,,,,,,,,
5358x8046_7,5358x8046,7,73,1.4,WNV,4,0,0,0,0,0,,,,,,,,
5358x8046_71,5358x8046,71,73,1.12,WNV,12,0,0,0,0,0,0,0,0,0,0,0,0,0
5358x8046_72,5358x8046,72,73,2.12,WNV,12,0,0,0,0,0,0,0,0,0,0,0,0,0
5358x8046_73,5358x8046,73,73,3.12,WNV,12,0,0,0,0,0,0,0,0,0,0,0,0,0
5358x8046_8,5358x8046,8,73,1.7,WNV,7,0,0,0,0,0,0,0,0,,,,,
5358x8046_9,5358x8046,9,73,2.4,WNV,4,0,0,0,0,0,,,,,,,,
5391x13140_26,5391x13140,26,98,1.7,WNV,7,0,0,0,0,0,0,0,0,,,,,
5391x13140_27,5391x13140,27,98,2.7,WNV,7,0,0,0,0,0,0,0,0,,,,,
5391x13140_28,5391x13140,28,98,3.7,WNV,7,0,0,0,0,0,0,0,0,,,,,
5391x13140_33,5391x13140,33,98,1.4,WNV,4,0,0,0,0,0,,,,,,,,
5391x13140_34,5391x13140,34,98,2.4,WNV,4,0,0,0,0,0,,,,,,,,
5391x13140_37,5391x13140,37,98,3.4,WNV,4,0,0,0,0,0,,,,,,,,
5391x15156_31,5391x15156,31,53,1.4,WNV,4,0,0,0,0,0,,,,,,,,
5391x15156_32,5391x15156,32,53,2.4,WNV,4,0,0,0,0,0,,,,,,,,
5391x15156_33,5391x15156,33,53,1.12,WNV,12,0,0,0,0,0,0,0,0,1,1,2,,
5391x15156_36,5391x15156,36,53,3.4,WNV,4,0,0,0,0,0,,,,,,,,
5391x15156_37,5391x15156,37,53,2.12,WNV,12,0,0,0,0,0,0,0,0,1,1,1,2,
5391x15156_38,5391x15156,38,53,3.12,WNV,12,0,0,0,0,0,0,0,0,1,1,1,2,
5391x15156_67,5391x15156,67,53,1.2,WNV,2,0,0,0,,,,,,,,,,
5391x15156_68,5391x15156,68,53,1.7,WNV,7,0,0,0,0,0,0,0,0,,,,,
5391x15156_72,5391x15156,72,53,2.2,WNV,2,0,0,0,,,,,,,,,,
5391x15156_73,5391x15156,73,53,2.7,WNV,7,0,0,0,0,0,0,0,0,,,,,
5391x15156_78,5391x15156,78,53,3.2,WNV,2,0,0,0,,,,,,,,,,
5391x15156_79,5391x15156,79,53,3.7,WNV,7,0,0,0,0,0,0,0,0,,,,,
5489x16557_104,5489x16557,104,32,2.12,WNV,12,0,0,0,0,0,0,0,0,0,1,1,2,2
5489x16557_105,5489x16557,105,32,3.12,WNV,12,0,0,0,0,0,0,0,0,0,1,1,,
5489x16557_107,5489x16557,107,32,1.2,WNV,2,0,0,0,,,,,,,,,,
5489x16557_108,5489x16557,108,32,2.2,WNV,2,0,0,0,,,,,,,,,,
5489x16557_109,5489x16557,109,32,3.2,WNV,2,0,0,0,,,,,,,,,,
5489x16557_11,5489x16557,11,32,1.4,WNV,4,0,0,0,0,0,,,,,,,,
5489x16557_12,5489x16557,12,32,2.4,WNV,4,0,0,0,0,0,,,,,,,,
5489x16557_29,5489x16557,29,32,3.4,WNV,4,0,0,0,0,0,,,,,,,,
5489x16557_35,5489x16557,35,32,1.7,WNV,7,0,0,0,0,0,0,0,0,,,,,
5489x16557_36,5489x16557,36,32,2.7,WNV,7,0,0,0,0,0,0,0,0,,,,,
5489x16557_37,5489x16557,37,32,3.7,WNV,7,0,0,0,0,0,0,0,0,,,,,
5489x16557_83,5489x16557,83,32,1.12,WNV,12,0,0,0,0,0,0,0,0,0,1,1,2,2
8002x3032_213,8002x3032,213,14,1.4,WNV,4,0,0,0,0,0,,,,,,,,
8002x3032_214,8002x3032,214,14,2.4,WNV,4,0,0,0,0,0,,,,,,,,
8002x3032_215,8002x3032,215,14,3.4,WNV,4,0,0,0,0,0,,,,,,,,
8002x3032_216,8002x3032,216,14,1.7,WNV,7,0,0,0,0,0,0,0,0,,,,,
8002x3032_217,8002x3032,217,14,2.7,WNV,7,0,0,0,0,0,0,0,0,,,,,
8002x3032_219,8002x3032,219,14,3.7,WNV,7,0,0,0,0,0,0,0,0,,,,,
8002x3032_254,8002x3032,254,14,1.2,WNV,2,0,0,0,,,,,,,,,,
8002x3032_255,8002x3032,255,14,2.2,WNV,2,0,0,0,,,,,,,,,,
8002x3032_270,8002x3032,270,14,3.2,WNV,2,0,0,0,,,,,,,,,,
8002x3032_276,8002x3032,276,14,1.12,WNV,12,0,0,0,0,0,0,0,0,0,0,0,0,0
8002x3032_277,8002x3032,277,14,2.12,WNV,12,0,0,0,0,0,0,0,0,0,0,0,0,0
8002x3032_278,8002x3032,278,14,3.12,WNV,12,0,0,0,0,0,0,0,0,0,0,0,0,0
8002x8010_53,8002x8010,53,30,1.7,WNV,7,0,0,0,0,0,0,0,0,,,,,
8002x8010_54,8002x8010,54,30,2.7,WNV,7,0,0,0,0,0,0,0,0,,,,,
8002x8010_55,8002x8010,55,30,3.7,WNV,7,0,0,0,0,0,0,0,0,,,,,
8002x8010_70,8002x8010,70,30,1.2,WNV,2,0,0,0,,,,,,,,,,
8002x8010_71,8002x8010,71,30,2.2,WNV,2,0,0,0,,,,,,,,,,
8002x8010_72,8002x8010,72,30,3.2,WNV,2,0,0,0,,,,,,,,,,
8002x8010_73,8002x8010,73,30,1.12,WNV,12,0,0,0,0,0,0,0,0,1,1,1,1,1
8002x8010_74,8002x8010,74,30,2.12,WNV,12,0,0,0,0,0,0,0,0,1,1,1,2,2
8002x8010_75,8002x8010,75,30,3.12,WNV,12,0,0,0,0,0,0,0,0,1,1,1,1,1
8004x8043_107,8004x8043,107,13,1.12,WNV,12,0,0,0,0,0,0,0,1,1,2,,,
8004x8043_116,8004x8043,116,13,2.12,WNV,12,0,0,0,0,0,0,0,1,1,1,1,2,
8004x8043_117,8004x8043,117,13,3.12,WNV,12,0,0,0,0,0,0,0,1,1,1,1,1,1
8004x8043_158,8004x8043,158,13,1.2,WNV,2,0,0,0,,,,,,,,,,
8004x8043_159,8004x8043,159,13,2.2,WNV,2,0,0,0,,,,,,,,,,
8004x8043_160,8004x8043,160,13,3.2,WNV,2,0,0,0,,,,,,,,,,
8004x8043_165,8004x8043,165,13,1.7,WNV,7,0,0,0,0,0,0,0,0,,,,,
8004x8043_166,8004x8043,166,13,2.7,WNV,7,0,0,0,0,0,0,0,0,,,,,
8004x8043_170,8004x8043,170,13,3.7,WNV,7,0,0,0,0,0,0,0,0,,,,,
8004x8043_72,8004x8043,72,13,1.4,WNV,4,0,0,0,0,0,,,,,,,,
8004x8043_73,8004x8043,73,13,2.4,WNV,4,0,0,0,0,0,,,,,,,,
8004x8043_74,8004x8043,74,13,3.4,WNV,4,0,0,0,0,0,,,,,,,,
8004x8052_1,8004x8052,1,94,1.2,WNV,2,0,0,0,,,,,,,,,,
8004x8052_10,8004x8052,10,94,3.2,WNV,2,0,0,0,,,,,,,,,,
8004x8052_12,8004x8052,12,94,3.4,WNV,4,0,0,0,0,0,,,,,,,,
8004x8052_16,8004x8052,16,94,3.7,WNV,7,0,0,0,0,0,0,0,0,,,,,
8004x8052_19,8004x8052,19,94,1.12,WNV,12,0,0,0,0,0,0,0,0,0,1,1,1,2
8004x8052_2,8004x8052,2,94,1.4,WNV,4,0,0,0,0,0,,,,,,,,
8004x8052_20,8004x8052,20,94,2.12,WNV,12,0,0,0,0,0,0,0,0,0,0,1,1,1
8004x8052_21,8004x8052,21,94,3.12,WNV,12,0,0,0,0,0,0,0,0,0,0,0,0,1
8004x8052_3,8004x8052,3,94,1.7,WNV,7,0,0,0,0,0,0,0,0,,,,,
8004x8052_4,8004x8052,4,94,2.7,WNV,7,0,0,0,0,0,0,0,0,,,,,
8004x8052_6,8004x8052,6,94,2.2,WNV,2,0,0,0,,,,,,,,,,
8004x8052_7,8004x8052,7,94,2.4,WNV,4,0,0,0,0,0,,,,,,,,
8005x8002_100,8005x8002,100,15,2.7,WNV,7,0,0,0,0,0,0,0,0,,,,,
8005x8002_101,8005x8002,101,15,3.7,WNV,7,0,0,0,0,0,0,0,0,,,,,
8005x8002_31,8005x8002,31,15,1.12,WNV,12,0,0,0,0,0,0,0,0,0,0,0,0,0
8005x8002_32,8005x8002,32,15,2.12,WNV,12,0,0,0,0,0,0,0,0,0,0,0,0,0
8005x8002_33,8005x8002,33,15,3.12,WNV,12,0,0,0,0,0,0,0,0,0,0,0,0,0
8005x8002_35,8005x8002,35,15,1.2,WNV,2,0,0,0,,,,,,,,,,
8005x8002_38,8005x8002,38,15,2.2,WNV,2,0,0,0,,,,,,,,,,
8005x8002_39,8005x8002,39,15,3.2,WNV,2,0,0,0,,,,,,,,,,
8005x8002_51,8005x8002,51,15,1.4,WNV,4,0,0,0,0,0,,,,,,,,
8005x8002_52,8005x8002,52,15,2.4,WNV,4,0,0,0,0,0,,,,,,,,
8005x8002_53,8005x8002,53,15,3.4,WNV,4,0,0,0,0,0,,,,,,,,
8005x8002_93,8005x8002,93,15,1.7,WNV,7,0,,,,,,,,,,,,
8005x8049_10,8005x8049,10,86,2.4,WNV,4,0,0,0,0,0,0,,,,,,,
8005x8049_12,8005x8049,12,86,3.2,WNV,2,0,0,0,,,,,,,,,,
8005x8049_13,8005x8049,13,86,3.4,WNV,4,0,0,0,0,0,0,,,,,,,
8005x8049_17,8005x8049,17,86,1.12,WNV,12,0,0,0,0,0,0,0,0,0,0,0,0,0
8005x8049_18,8005x8049,18,86,2.12,WNV,12,0,0,0,0,0,0,0,0,0,0,0,0,0
8005x8049_21,8005x8049,21,86,3.12,WNV,12,0,0,0,0,0,0,0,0,0,0,0,0,0
8005x8049_23,8005x8049,23,86,1.7,WNV,7,0,0,0,0,0,0,0,0,,,,,
8005x8049_24,8005x8049,24,86,2.7,WNV,7,0,0,0,0,0,0,0,0,,,,,
8005x8049_28,8005x8049,28,86,3.7,WNV,7,0,0,0,0,0,0,0,0,,,,,
8005x8049_7,8005x8049,7,86,1.2,WNV,2,0,0,0,,,,,,,,,,
8005x8049_8,8005x8049,8,86,2.2,WNV,2,0,0,0,,,,,,,,,,
8005x8049_9,8005x8049,9,86,1.4,WNV,4,0,0,0,0,0,0,,,,,,,
8008x8016_156,8008x8016,156,42,1.4,WNV,4,0,0,0,0,0,,,,,,,,
8008x8016_157,8008x8016,157,42,2.4,WNV,4,0,0,0,0,0,,,,,,,,
8008x8016_158,8008x8016,158,42,3.4,WNV,4,0,0,0,0,0,,,,,,,,
8008x8016_195,8008x8016,195,42,1.12,WNV,12,0,0,0,0,0,0,0,0,0,0,0,0,0
8008x8016_196,8008x8016,196,42,2.12,WNV,12,0,0,0,0,0,0,0,0,0,0,0,0,0
8008x8016_197,8008x8016,197,42,3.12,WNV,12,0,0,0,0,0,0,0,0,0,0,0,0,0
8008x8016_259,8008x8016,259,42,1.7,WNV,7,0,0,0,0,0,0,0,0,,,,,
8008x8016_260,8008x8016,260,42,1.2,WNV,2,0,0,0,,,,,,,,,,
8008x8016_261,8008x8016,261,42,2.2,WNV,2,0,0,0,,,,,,,,,,
8008x8016_262,8008x8016,262,42,3.2,WNV,2,0,0,0,,,,,,,,,,
8008x8016_263,8008x8016,263,42,2.7,WNV,7,0,0,0,0,0,0,0,0,,,,,
8008x8016_264,8008x8016,264,42,3.7,WNV,7,0,0,0,0,0,0,0,0,,,,,
8010x16441_100,8010x16441,100,16,2.4,WNV,4,0,0,0,0,0,,,,,,,,
8010x16441_101,8010x16441,101,16,3.4,WNV,4,0,0,0,0,0,,,,,,,,
8010x16441_185,8010x16441,185,16,1.2,WNV,2,0,0,0,,,,,,,,,,
8010x16441_186,8010x16441,186,16,2.2,WNV,2,0,0,0,,,,,,,,,,
8010x16441_190,8010x16441,190,16,3.2,WNV,2,0,0,0,,,,,,,,,,
8010x16441_44,8010x16441,44,16,1.7,WNV,7,0,0,0,0,0,0,0,0,,,,,
8010x16441_45,8010x16441,45,16,2.7,WNV,7,0,0,0,0,0,0,0,0,,,,,
8010x16441_46,8010x16441,46,16,3.7,WNV,7,0,0,0,0,0,0,0,0,,,,,
8010x16441_47,8010x16441,47,16,1.12,WNV,12,0,0,0,0,0,0,0,0,0,0,0,0,0
8010x16441_48,8010x16441,48,16,2.12,WNV,12,0,0,0,0,0,0,0,0,0,0,0,0,0
8010x16441_49,8010x16441,49,16,3.12,WNV,12,0,0,0,0,0,0,0,0,0,0,0,0,0
8010x16441_99,8010x16441,99,16,1.4,WNV,4,0,0,0,0,0,,,,,,,,
8010x8026_1,8010x8026,1,109,1.4,WNV,4,0,0,0,0,0,,,,,,,,
8010x8026_10,8010x8026,10,109,2.7,WNV,7,0,0,0,0,0,0,0,0,,,,,
8010x8026_11,8010x8026,11,109,3.7,WNV,7,0,0,0,0,0,0,0,0,,,,,
8010x8026_2,8010x8026,2,109,2.4,WNV,4,0,0,0,0,0,,,,,,,,
8010x8026_3,8010x8026,3,109,1.7,WNV,7,0,0,0,0,0,0,0,0,,,,,
8010x8026_35,8010x8026,35,109,1.2,WNV,2,0,0,0,,,,,,,,,,
8010x8026_36,8010x8026,36,109,2.2,WNV,2,0,0,0,,,,,,,,,,
8010x8026_8,8010x8026,8,109,3.4,WNV,4,0,0,0,0,0,,,,,,,,
8016x8004_18,8016x8004,18,75,1.2,WNV,2,0,0,0,,,,,,,,,,
8016x8004_22,8016x8004,22,75,2.2,WNV,2,0,0,0,,,,,,,,,,
8016x8004_23,8016x8004,23,75,3.2,WNV,2,0,0,0,,,,,,,,,,
8016x8004_25,8016x8004,25,75,1.4,WNV,4,0,0,0,0,0,,,,,,,,
8016x8004_34,8016x8004,34,75,2.4,WNV,4,0,0,0,0,0,,,,,,,,
8016x8004_37,8016x8004,37,75,3.4,WNV,4,0,0,0,0,0,,,,,,,,
8016x8004_42,8016x8004,42,75,1.7,WNV,7,0,0,0,0,0,0,0,0,,,,,
8016x8004_43,8016x8004,43,75,2.7,WNV,7,0,0,0,0,0,0,0,0,,,,,
8016x8004_44,8016x8004,44,75,3.7,WNV,7,0,0,0,0,0,0,0,0,,,,,
8016x8004_45,8016x8004,45,75,1.12,WNV,12,0,0,0,0,0,0,0,0,0,0,0,0,0
8016x8004_46,8016x8004,46,75,2.12,WNV,12,0,0,0,0,0,0,0,0,0,0,0,0,0
8016x8004_48,8016x8004,48,75,3.12,WNV,12,0,0,0,0,0,0,0,0,0,0,0,0,0
8018x3154_10,8018x3154,10,24,3.4,WNV,4,0,0,0,0,0,,,,,,,,
8018x3154_100,8018x3154,100,24,3.7,WNV,7,0,0,0,0,0,0,0,0,,,,,
8018x3154_8,8018x3154,8,24,1.4,WNV,4,0,0,0,0,0,,,,,,,,
8018x3154_81,8018x3154,81,24,1.2,WNV,2,0,0,0,,,,,,,,,,
8018x3154_82,8018x3154,82,24,2.2,WNV,2,0,0,0,,,,,,,,,,
8018x3154_85,8018x3154,85,24,3.2,WNV,2,0,0,0,,,,,,,,,,
8018x3154_9,8018x3154,9,24,2.4,WNV,4,0,0,0,0,0,,,,,,,,
8018x3154_98,8018x3154,98,24,1.7,WNV,7,0,0,0,0,0,0,0,0,,,,,
8018x3154_99,8018x3154,99,24,2.7,WNV,7,0,0,0,0,0,0,0,0,,,,,
8021x16072_163,8021x16072,163,59,1.2,WNV,2,0,0,0,,,,,,,,,,
8021x16072_164,8021x16072,164,59,2.2,WNV,2,0,0,0,,,,,,,,,,
8021x16072_167,8021x16072,167,59,3.2,WNV,2,0,0,0,,,,,,,,,,
8021x16072_28,8021x16072,28,59,1.12,WNV,12,0,0,0,0,0,0,0,0,0,0,,,
8021x16072_29,8021x16072,29,59,2.12,WNV,12,0,0,0,0,0,0,0,0,0,0,0,0,0
8021x16072_69,8021x16072,69,59,1.4,WNV,4,0,0,0,0,0,,,,,,,,
8021x16072_70,8021x16072,70,59,1.7,WNV,7,0,0,0,0,0,0,0,0,,,,,
8021x16072_71,8021x16072,71,59,2.7,WNV,7,0,0,0,0,0,0,0,0,,,,,
8021x16072_74,8021x16072,74,59,2.4,WNV,4,0,0,0,0,0,,,,,,,,
8021x16072_75,8021x16072,75,59,3.7,WNV,7,0,0,0,0,0,0,0,0,,,,,
8021x16072_79,8021x16072,79,59,3.4,WNV,4,0,0,0,0,0,,,,,,,,
8021x16072_80,8021x16072,80,59,3.12,WNV,12,0,0,0,0,0,0,0,0,0,0,0,0,0
8021x8033_101,8021x8033,101,87,1.7,WNV,7,0,0,0,0,0,0,0,0,,,,,
8021x8033_104,8021x8033,104,87,2.7,WNV,7,0,0,0,0,0,0,0,0,,,,,
8021x8033_105,8021x8033,105,87,3.7,WNV,7,0,0,0,0,0,0,0,0,,,,,
8021x8033_46,8021x8033,46,87,1.2,WNV,2,0,0,0,,,,,,,,,,
8021x8033_47,8021x8033,47,87,2.2,WNV,2,0,0,0,,,,,,,,,,
8021x8033_48,8021x8033,48,87,1.4,WNV,4,0,0,0,0,0,,,,,,,,
8021x8033_49,8021x8033,49,87,2.4,WNV,4,0,0,0,0,0,,,,,,,,
8021x8033_50,8021x8033,50,87,3.4,WNV,4,0,0,0,0,0,,,,,,,,
8021x8033_53,8021x8033,53,87,3.2,WNV,2,0,0,0,,,,,,,,,,
8021x8033_56,8021x8033,56,87,1.12,WNV,12,0,0,0,0,0,0,0,0,0,0,1,,
8021x8033_57,8021x8033,57,87,2.12,WNV,12,0,0,0,0,0,0,0,0,0,0,0,0,0
8021x8033_61,8021x8033,61,87,3.12,WNV,12,0,0,0,0,0,0,0,0,0,0,0,0,0
8024x8048_10,8024x8048,10,76,1.2,WNV,2,0,0,0,,,,,,,,,,
8024x8048_15,8024x8048,15,76,2.2,WNV,2,0,0,0,,,,,,,,,,
8024x8048_19,8024x8048,19,76,3.2,WNV,2,0,0,0,,,,,,,,,,
8024x8048_37,8024x8048,37,76,1.7,WNV,7,0,0,0,0,0,0,0,0,,,,,
8024x8048_41,8024x8048,41,76,1.4,WNV,4,0,0,0,0,0,,,,,,,,
8024x8048_42,8024x8048,42,76,2.4,WNV,4,0,0,0,0,0,,,,,,,,
8024x8048_43,8024x8048,43,76,3.4,WNV,4,0,0,0,0,0,,,,,,,,
8024x8048_48,8024x8048,48,76,2.7,WNV,7,0,0,0,0,0,0,0,0,,,,,
8024x8048_49,8024x8048,49,76,3.7,WNV,7,0,0,0,0,0,0,0,0,,,,,
8024x8048_64,8024x8048,64,76,1.12,WNV,12,0,0,0,0,0,0,0,0,1,1,1,2,
8024x8048_67,8024x8048,67,76,2.12,WNV,12,0,0,0,0,0,0,0,0,1,1,3,,
8024x8048_68,8024x8048,68,76,3.12,WNV,12,0,0,0,0,0,0,0,0,1,1,2,2,
8024x8049_100,8024x8049,100,38,1.7,WNV,7,0,0,0,0,0,0,0,0,,,,,
8024x8049_101,8024x8049,101,38,2.7,WNV,7,0,0,0,0,0,0,0,0,,,,,
8024x8049_102,8024x8049,102,38,3.7,WNV,7,0,0,0,0,0,0,0,0,,,,,
8024x8049_103,8024x8049,103,38,1.12,WNV,12,0,0,0,0,0,0,0,0,0,0,0,0,0
8024x8049_123,8024x8049,123,38,2.12,WNV,12,0,0,0,0,0,0,0,0,0,0,0,0,0
8024x8049_124,8024x8049,124,38,3.12,WNV,12,0,0,0,0,0,0,0,0,0,0,0,0,0
8024x8049_160,8024x8049,160,38,1.2,WNV,2,0,0,0,,,,,,,,,,
8024x8049_161,8024x8049,161,38,2.2,WNV,2,0,0,0,,,,,,,,,,
8024x8049_163,8024x8049,163,38,3.2,WNV,2,0,0,0,,,,,,,,,,
8024x8049_57,8024x8049,57,38,1.4,WNV,4,0,0,0,0,0,,,,,,,,
8024x8049_58,8024x8049,58,38,2.4,WNV,4,0,0,0,0,0,,,,,,,,
8024x8049_59,8024x8049,59,38,3.4,WNV,4,0,0,0,0,0,,,,,,,,
8026x5080_132,8026x5080,132,33,1.12,WNV,12,0,0,0,0,0,0,0,0,0,0,0,0,0
8026x5080_133,8026x5080,133,33,2.12,WNV,12,0,0,0,0,0,0,0,0,0,0,0,0,0
8026x5080_134,8026x5080,134,33,3.12,WNV,12,0,0,0,0,0,0,0,0,0,0,0,0,0
8026x5080_43,8026x5080,43,33,1.2,WNV,2,0,0,0,,,,,,,,,,
8026x5080_44,8026x5080,44,33,2.2,WNV,2,0,0,0,,,,,,,,,,
8026x5080_47,8026x5080,47,33,1.4,WNV,4,0,0,0,0,0,,,,,,,,
8026x5080_51,8026x5080,51,33,3.2,WNV,2,0,0,0,,,,,,,,,,
8026x5080_55,8026x5080,55,33,2.4,WNV,4,0,0,0,0,0,,,,,,,,
8026x5080_56,8026x5080,56,33,3.4,WNV,4,0,0,0,0,0,,,,,,,,
8026x5080_66,8026x5080,66,33,1.7,WNV,7,0,0,0,0,0,0,0,0,,,,,
8026x5080_71,8026x5080,71,33,2.7,WNV,7,0,0,0,0,0,0,0,0,,,,,
8026x5080_72,8026x5080,72,33,3.7,WNV,7,0,0,0,0,0,0,0,0,,,,,
8027x477_22,8027x477,22,113,1.2,WNV,2,0,0,0,,,,,,,,,,
8027x477_23,8027x477,23,113,2.2,WNV,2,0,0,0,,,,,,,,,,
8027x477_24,8027x477,24,113,1.4,WNV,4,0,0,0,0,0,,,,,,,,
8027x477_25,8027x477,25,113,2.4,WNV,4,0,0,0,0,0,,,,,,,,
8027x477_26,8027x477,26,113,1.7,WNV,7,0,0,0,0,0,0,0,0,,,,,
8027x477_27,8027x477,27,113,2.7,WNV,7,0,0,0,0,0,0,0,0,,,,,
8027x477_36,8027x477,36,113,3.2,WNV,2,0,0,0,,,,,,,,,,
8027x477_37,8027x477,37,113,3.4,WNV,4,0,0,0,0,0,,,,,,,,
8027x477_38,8027x477,38,113,3.7,WNV,7,0,0,0,0,0,0,0,0,,,,,
8027x477_69,8027x477,69,113,1.12,WNV,12,0,0,0,0,0,0,0,0,0,1.5,2,,
8027x477_70,8027x477,70,113,2.12,WNV,12,0,0,0,0,0,0,0,0,0,0,2,,
8027x477_71,8027x477,71,113,3.12,WNV,12,0,0,0,0,0,0,0,0,0,1.5,,,
8027x8045_1,8027x8045,1,69,1.4,WNV,4,0,0,0,0,0,,,,,,,,
8027x8045_14,8027x8045,14,69,3.7,WNV,7,0,0,0,0,0,0,0,0,,,,,
8027x8045_2,8027x8045,2,69,2.4,WNV,4,0,0,0,0,0,,,,,,,,
8027x8045_22,8027x8045,22,69,1.2,WNV,2,0,0,0,,,,,,,,,,
8027x8045_26,8027x8045,26,69,2.2,WNV,2,0,0,0,,,,,,,,,,
8027x8045_3,8027x8045,3,69,1.7,WNV,7,0,0,0,0,0,0,0,0,,,,,
8027x8045_31,8027x8045,31,69,3.2,WNV,2,0,0,0,,,,,,,,,,
8027x8045_40,8027x8045,40,69,1.12,WNV,12,0,0,0,0,0,0,0,0,0,0,0,0,0
8027x8045_41,8027x8045,41,69,2.12,WNV,12,0,0,0,0,0,0,0,0,0,0,1,2,2
8027x8045_45,8027x8045,45,69,3.12,WNV,12,0,0,0,0,0,0,0,0,0,0,0,0,0
8027x8045_8,8027x8045,8,69,3.4,WNV,4,0,0,0,0,0,,,,,,,,
8027x8045_9,8027x8045,9,69,2.7,WNV,7,0,0,0,0,0,0,0,0,,,,,
8033x16768_42,8033x16768,42,91,1.2,WNV,2,0,0,0,,,,,,,,,,
8033x16768_43,8033x16768,43,91,1.4,WNV,4,0,0,0,0,0,,,,,,,,
8033x16768_44,8033x16768,44,91,2.2,WNV,2,0,0,0,,,,,,,,,,
8033x16768_45,8033x16768,45,91,3.2,WNV,2,0,0,0,,,,,,,,,,
8033x16768_46,8033x16768,46,91,2.4,WNV,4,0,0,0,0,0,,,,,,,,
8033x16768_47,8033x16768,47,91,3.4,WNV,4,0,0,0,0,0,,,,,,,,
8033x16768_52,8033x16768,52,91,1.7,WNV,7,0,0,0,0,0,0,0,0,,,,,
8033x16768_53,8033x16768,53,91,1.12,WNV,12,0,0,0,0,0,0,0,0,0,1,1,,
8033x16768_56,8033x16768,56,91,2.7,WNV,7,0,0,0,0,0,0,0,0,,,,,
8033x16768_57,8033x16768,57,91,3.7,WNV,7,0,0,0,0,0,0,0,0,,,,,
8033x16768_58,8033x16768,58,91,2.12,WNV,12,0,0,0,0,0,0,0,0,0,1,1,1,
8033x16768_59,8033x16768,59,91,3.12,WNV,12,0,0,0,0,0,0,0,0,0,0,0,0,0
8033x5346_155,8033x5346,155,60,1.2,WNV,2,0,0,,,,,,,,,,,
8033x5346_156,8033x5346,156,60,2.2,WNV,2,0,0,,,,,,,,,,,
8033x5346_160,8033x5346,160,60,3.2,WNV,2,0,0,,,,,,,,,,,
8033x5346_30,8033x5346,30,60,1.7,WNV,7,0,0,0,0,0,0,0,0,,,,,
8033x5346_31,8033x5346,31,60,2.7,WNV,7,0,0,0,0,0,0,0,0,,,,,
8033x5346_40,8033x5346,40,60,3.7,WNV,7,0,0,0,0,0,0,0,0,,,,,
8033x5346_41,8033x5346,41,60,1.4,WNV,4,0,0,0,0,0,,,,,,,,
8033x5346_43,8033x5346,43,60,2.4,WNV,4,0,0,0,0,0,,,,,,,,
8033x5346_44,8033x5346,44,60,3.4,WNV,4,0,0,0,0,0,,,,,,,,
8033x5346_84,8033x5346,84,60,1.12,WNV,12,0,0,0,0,0,0,0,0,0,0,0,0,0
8033x5346_85,8033x5346,85,60,2.12,WNV,12,0,0,0,0,0,0,0,0,0,0,0,0,0
8033x5346_86,8033x5346,86,60,3.12,WNV,12,0,0,0,0,0,0,0,0,0,0,0,0,0
8034x8043_14,8034x8043,14,77,1.2,WNV,2,0,0,0,,,,,,,,,,
8034x8043_15,8034x8043,15,77,2.2,WNV,2,0,0,0,,,,,,,,,,
8034x8043_16,8034x8043,16,77,1.4,WNV,4,0,0,0,0,0,,,,,,,,
8034x8043_26,8034x8043,26,77,3.2,WNV,2,0,0,0,,,,,,,,,,
8034x8043_27,8034x8043,27,77,2.4,WNV,4,0,0,0,0,0,,,,,,,,
8034x8043_28,8034x8043,28,77,3.4,WNV,4,0,0,0,0,0,,,,,,,,
8034x8043_29,8034x8043,29,77,1.7,WNV,7,0,0,0,0,0,0,0,0,,,,,
8034x8043_30,8034x8043,30,77,2.7,WNV,7,0,0,0,0,0,0,0,0,,,,,
8034x8043_41,8034x8043,41,77,1.12,WNV,12,0,0,0,0,0,0,0,0,0,0,0,0,0
8034x8043_42,8034x8043,42,77,3.7,WNV,7,0,0,0,0,0,0,0,0,,,,,
8034x8043_60,8034x8043,60,77,2.12,WNV,12,0,0,0,0,0,0,0,0,0,0,0,0,0
8034x8043_63,8034x8043,63,77,3.12,WNV,12,0,0,0,0,0,0,0,0,0,0,0,0,0
8034x8048_109,8034x8048,109,34,1.7,WNV,7,0,0,0,0,0,0,0,0,,,,,
8034x8048_120,8034x8048,120,34,1.4,WNV,4,0,0,0,0,0,,,,,,,,
8034x8048_121,8034x8048,121,34,2.4,WNV,4,0,0,0,0,0,,,,,,,,
8034x8048_122,8034x8048,122,34,3.4,WNV,4,0,0,0,0,0,,,,,,,,
8034x8048_123,8034x8048,123,34,2.7,WNV,7,0,0,0,0,0,0,0,0,,,,,
8034x8048_124,8034x8048,124,34,3.7,WNV,7,0,0,0,0,0,0,0,0,,,,,
8034x8048_136,8034x8048,136,34,1.2,WNV,2,0,0,0,,,,,,,,,,
8034x8048_137,8034x8048,137,34,2.2,WNV,2,0,0,0,,,,,,,,,,
8034x8048_158,8034x8048,158,34,3.2,WNV,2,0,0,0,,,,,,,,,,
8034x8048_159,8034x8048,159,34,1.12,WNV,12,0,0,0,0,0,0,0,0,0,0,0,0,0
8034x8048_160,8034x8048,160,34,2.12,WNV,12,0,0,0,0,0,0,0,0,0,0,0,0,0
8034x8048_168,8034x8048,168,34,3.12,WNV,12,0,0,0,0,0,0,0,0,0,0,0,0,0
8036x15489_1,8036x15489,1,115,1.4,WNV,4,0,0,0,0,0,,,,,,,,
8036x15489_13,8036x15489,13,115,3.4,WNV,4,0,0,0,0,0,,,,,,,,
8036x15489_14,8036x15489,14,115,2.7,WNV,7,0,0,0,0,0,0,0,0,,,,,
8036x15489_16,8036x15489,16,115,3.7,WNV,7,0,0,0,0,0,0,0,0,,,,,
8036x15489_2,8036x15489,2,115,2.4,WNV,4,0,0,0,0,0,,,,,,,,
8036x15489_3,8036x15489,3,115,1.7,WNV,7,0,0,0,0,0,0,0,0,,,,,
8036x15489_37,8036x15489,37,115,1.2,WNV,2,0,0,0,,,,,,,,,,
8036x15489_38,8036x15489,38,115,2.2,WNV,2,0,0,0,,,,,,,,,,
8036x15489_42,8036x15489,42,115,3.2,WNV,2,0,0,0,,,,,,,,,,
8036x15489_48,8036x15489,48,115,1.12,WNV,12,0,0,0,0,0,0,0,0,0,0,0,0,0
8036x15489_49,8036x15489,49,115,2.12,WNV,12,0,0,0,0,0,0,0,0,0,0,0,0,0
8036x15489_50,8036x15489,50,115,3.12,WNV,12,0,0,0,0,0,0,0,0,0,0,0,0,0
8036x18018_12,8036x18018,12,54,1.4,WNV,4,0,0,0,0,0,,,,,,,,
8036x18018_13,8036x18018,13,54,2.4,WNV,4,0,0,0,0,0,,,,,,,,
8036x18018_15,8036x18018,15,54,3.4,WNV,4,0,0,0,0,0,,,,,,,,
8036x18018_16,8036x18018,16,54,1.7,WNV,7,0,0,0,0,0,0,0,0,,,,,
8036x18018_17,8036x18018,17,54,2.7,WNV,7,0,0,0,0,0,0,0,0,,,,,
8036x18018_18,8036x18018,18,54,3.7,WNV,7,0,0,0,0,0,0,0,0,,,,,
8036x18018_32,8036x18018,32,54,1.12,WNV,12,0,0,0,0,0,0,0,0,0,0,0,0,0
8036x18018_35,8036x18018,35,54,2.12,WNV,12,0,0,0,0,0,0,0,0,0,0,0,0,0
8036x18018_36,8036x18018,36,54,3.12,WNV,12,0,0,0,0,0,0,0,0,0,0,0,0,0
8036x18018_44,8036x18018,44,54,1.2,WNV,2,0,0,0,,,,,,,,,,
8036x18018_45,8036x18018,45,54,2.2,WNV,2,0,0,0,,,,,,,,,,
8036x18018_46,8036x18018,46,54,3.2,WNV,2,0,0,0,,,,,,,,,,
8036x3609_25,8036x3609,25,92,1.2,WNV,2,0,0,0,,,,,,,,,,
8036x3609_29,8036x3609,29,92,2.2,WNV,2,0,0,0,,,,,,,,,,
8036x3609_30,8036x3609,30,92,3.2,WNV,2,0,0,0,,,,,,,,,,
8036x3609_46,8036x3609,46,92,1.4,WNV,4,0,0,0,0,0,,,,,,,,
8036x3609_47,8036x3609,47,92,2.4,WNV,4,0,0,0,0,0,,,,,,,,
8036x3609_48,8036x3609,48,92,3.4,WNV,4,0,0,0,0,0,,,,,,,,
8036x3609_54,8036x3609,54,92,1.12,WNV,12,0,0,0,0,0,0,0,0,0,0,0,0,0
8036x3609_57,8036x3609,57,92,2.12,WNV,12,0,0,0,0,0,0,0,0,0,0,0,0,0
8036x3609_58,8036x3609,58,92,1.7,WNV,7,0,0,0,0,0,0,0,0,,,,,
8036x3609_64,8036x3609,64,92,2.7,WNV,7,0,0,0,0,0,0,0,0,,,,,
8036x3609_66,8036x3609,66,92,3.12,WNV,12,0,0,0,0,0,0,0,0,0,0,0,0,0
8036x3609_68,8036x3609,68,92,3.7,WNV,7,0,0,0,0,0,0,0,0,,,,,
8042x16513_10,8042x16513,10,18,1.4,WNV,4,0,0,0,0,0,,,,,,,,
8042x16513_11,8042x16513,11,18,2.4,WNV,4,0,0,0,0,0,,,,,,,,
8042x16513_13,8042x16513,13,18,1.7,WNV,7,0,0,0,0,0,0,0,0,,,,,
8042x16513_14,8042x16513,14,18,2.7,WNV,7,0,0,0,0,0,0,0,0,,,,,
8042x16513_19,8042x16513,19,18,3.7,WNV,7,0,0,0,0,0,0,0,0,,,,,
8042x16513_20,8042x16513,20,18,3.4,WNV,4,0,0,0,0,0,,,,,,,,
8042x16513_56,8042x16513,56,18,1.12,WNV,12,0,0,0,0,0,0,0,0,0,0,0,0,0
8042x16513_57,8042x16513,57,18,2.12,WNV,12,0,0,0,0,0,0,0,0,0,0,0,0,0
8042x16513_58,8042x16513,58,18,3.12,WNV,12,0,0,0,0,0,0,0,0,0,0,0,0,0
8042x16513_68,8042x16513,68,18,1.2,WNV,2,0,0,0,,,,,,,,,,
8042x16513_69,8042x16513,69,18,2.2,WNV,2,0,0,0,,,,,,,,,,
8042x16513_73,8042x16513,73,18,3.2,WNV,2,0,0,0,,,,,,,,,,
8043x8008_128,8043x8008,128,35,1.7,WNV,7,0,0,0,0,0,0,0,0,,,,,
8043x8008_129,8043x8008,129,35,2.7,WNV,7,0,0,0,0,0,0,0,0,,,,,
8043x8008_130,8043x8008,130,35,3.7,WNV,7,0,0,0,0,0,0,0,0,,,,,
8043x8008_159,8043x8008,159,35,1.2,WNV,2,0,0,0,,,,,,,,,,
8043x8008_160,8043x8008,160,35,2.2,WNV,2,0,0,0,,,,,,,,,,
8043x8008_161,8043x8008,161,35,3.2,WNV,2,0,0,0,,,,,,,,,,
8043x8008_171,8043x8008,171,35,1.4,WNV,4,0,0,0,0,0,,,,,,,,
8043x8008_172,8043x8008,172,35,2.4,WNV,4,0,0,0,0,0,,,,,,,,
8043x8008_173,8043x8008,173,35,3.4,WNV,4,0,0,0,0,0,,,,,,,,
8043x8008_178,8043x8008,178,35,1.12,WNV,12,0,0,0,0,0,0,0,0,0,0,0,0,0
8043x8008_179,8043x8008,179,35,2.12,WNV,12,0,0,0,0,0,0,0,0,0,0,0,0,0
8043x8008_180,8043x8008,180,35,3.12,WNV,12,0,0,0,0,0,0,0,0,0,0,0,0,0
8045x4410_13,8045x4410,13,70,2.2,WNV,2,0,0,0,,,,,,,,,,
8045x4410_14,8045x4410,14,70,2.4,WNV,4,0,0,0,0,0,,,,,,,,
8045x4410_18,8045x4410,18,70,3.2,WNV,2,0,0,0,,,,,,,,,,
8045x4410_19,8045x4410,19,70,3.4,WNV,4,0,0,0,0,0,,,,,,,,
8045x4410_20,8045x4410,20,70,2.7,WNV,7,0,0,0,0,0,0,0,0,,,,,
8045x4410_22,8045x4410,22,70,3.7,WNV,7,0,0,0,0,0,0,0,0,,,,,
8045x4410_23,8045x4410,23,70,1.12,WNV,12,0,0,0,0,0,0,0,0,0,,,,
8045x4410_24,8045x4410,24,70,2.12,WNV,12,0,0,0,0,0,0,0,0,0,0,0,0,0
8045x4410_31,8045x4410,31,70,3.12,WNV,12,0,0,0,0,0,0,0,0,0,0,0,0,0
8045x4410_5,8045x4410,5,70,1.2,WNV,2,0,0,0,,,,,,,,,,
8045x4410_6,8045x4410,6,70,1.4,WNV,4,0,0,0,0,0,,,,,,,,
8045x4410_7,8045x4410,7,70,1.7,WNV,7,0,0,0,0,0,0,0,0,,,,,
8046x4410_1,8046x4410,1,114,1.2,WNV,2,0,0,0,,,,,,,,,,
8046x4410_10,8046x4410,10,114,2.7,WNV,7,0,0,0,0,0,0,0,0,,,,,
8046x4410_13,8046x4410,13,114,3.2,WNV,2,0,0,0,,,,,,,,,,
8046x4410_15,8046x4410,15,114,3.4,WNV,4,0,0,0,0,0,,,,,,,,
8046x4410_16,8046x4410,16,114,3.7,WNV,7,0,0,0,0,0,0,0,0,,,,,
8046x4410_2,8046x4410,2,114,1.4,WNV,4,0,0,0,0,0,,,,,,,,
8046x4410_20,8046x4410,20,114,1.12,WNV,12,0,0,0,0,0,0,0,0,0,0,0,0,0
8046x4410_21,8046x4410,21,114,2.12,WNV,12,0,0,0,0,0,0,0,0,0,0,0,0,
8046x4410_27,8046x4410,27,114,3.12,WNV,12,0,0,0,0,0,0,0,0,0,0,0,0,0
8046x4410_3,8046x4410,3,114,1.7,WNV,7,0,0,0,0,0,0,0,0,,,,,
8046x4410_8,8046x4410,8,114,2.2,WNV,2,0,0,0,,,,,,,,,,
8046x4410_9,8046x4410,9,114,2.4,WNV,4,0,0,0,0,0,,,,,,,,
8046x8004_105,8046x8004,105,74,1.2,WNV,2,0,0,0,,,,,,,,,,
8046x8004_107,8046x8004,107,74,2.2,WNV,2,0,0,0,,,,,,,,,,
8046x8004_15,8046x8004,15,74,2.4,WNV,4,0,0,0,0,0,,,,,,,,
8046x8004_16,8046x8004,16,74,3.4,WNV,4,0,0,0,0,0,,,,,,,,
8046x8004_27,8046x8004,27,74,3.12,WNV,12,0,0,0,0,0,0,0,0,0,1,1,0,0
8046x8004_4,8046x8004,4,74,1.4,WNV,4,0,0,0,0,0,,,,,,,,
8046x8004_5,8046x8004,5,74,1.12,WNV,12,0,0,0,0,0,0,0,0,0,1,1,0,0
8046x8004_54,8046x8004,54,74,1.7,WNV,7,0,0,0,0,0,0,0,0,,,,,
8046x8004_58,8046x8004,58,74,2.7,WNV,7,0,0,0,0,0,0,0,0,,,,,
8046x8004_59,8046x8004,59,74,3.7,WNV,7,0,0,0,0,0,0,0,0,,,,,
8046x8004_6,8046x8004,6,74,2.12,WNV,12,0,0,0,0,0,0,0,0,0,1,1,0,0
8048x15155_111,8048x15155,111,46,1.7,WNV,7,0,0,0,0,0,0,0,0,,,,,
8048x15155_112,8048x15155,112,46,2.7,WNV,7,0,0,0,0,0,0,0,0,,,,,
8048x15155_119,8048x15155,119,46,3.7,WNV,7,0,0,0,0,0,0,0,0,,,,,
8048x15155_157,8048x15155,157,46,1.2,WNV,2,0,0,0,,,,,,,,,,
8048x15155_158,8048x15155,158,46,2.2,WNV,2,0,0,0,,,,,,,,,,
8048x15155_159,8048x15155,159,46,3.2,WNV,2,0,0,0,,,,,,,,,,
8048x15155_166,8048x15155,166,46,1.12,WNV,12,0,0,0,0,0,0,0,0,0,0,0,0,0
8048x15155_167,8048x15155,167,46,2.12,WNV,12,0,0,0,0,0,0,0,0,0,0,0,0,0
8048x15155_178,8048x15155,178,46,3.12,WNV,12,0,0,0,0,0,0,0,0,0,0,0,0,0
8048x15155_50,8048x15155,50,46,1.4,WNV,4,0,0,0,0,0,,,,,,,,
8048x15155_51,8048x15155,51,46,2.4,WNV,4,0,0,0,0,0,,,,,,,,
8048x15155_52,8048x15155,52,46,3.4,WNV,4,0,0,0,0,0,,,,,,,,
8048x8008_21,8048x8008,21,88,1.2,WNV,2,0,0,0,,,,,,,,,,
8048x8008_22,8048x8008,22,88,1.4,WNV,4,0,0,0,0,0,,,,,,,,
8048x8008_23,8048x8008,23,88,1.7,WNV,7,0,0,0,0,0,0,0,0,,,,,
8048x8008_25,8048x8008,25,88,2.2,WNV,2,0,0,0,,,,,,,,,,
8048x8008_26,8048x8008,26,88,2.4,WNV,4,0,0,0,0,0,,,,,,,,
8048x8008_27,8048x8008,27,88,2.7,WNV,7,0,0,0,0,0,0,0,0,,,,,
8048x8008_28,8048x8008,28,88,1.12,WNV,12,0,0,0,0,0,0,0,0,0,0,0,0,0
8048x8008_29,8048x8008,29,88,2.12,WNV,12,0,0,0,0,0,0,0,0,0,0,0,0,0
8048x8008_32,8048x8008,32,88,3.2,WNV,2,0,0,0,,,,,,,,,,
8048x8008_33,8048x8008,33,88,3.4,WNV,4,0,0,0,0,0,,,,,,,,
8048x8008_34,8048x8008,34,88,3.7,WNV,7,0,0,0,0,0,0,0,0,,,,,
8048x8008_36,8048x8008,36,88,3.12,WNV,12,0,0,0,0,0,0,0,0,0,0,0,0,0
8048x8026_108,8048x8026,108,36,1.12,WNV,12,0,0,0,0,0,0,0,0,0,0,0,0,0
8048x8026_109,8048x8026,109,36,2.12,WNV,12,0,0,0,0,0,0,0,0,0,0,0,2,3
8048x8026_110,8048x8026,110,36,3.12,WNV,12,0,0,0,0,0,0,0,0,0,0,0,0,0
8048x8026_121,8048x8026,121,36,1.7,WNV,7,0,0,0,0,0,0,0,0,,,,,
8048x8026_122,8048x8026,122,36,2.7,WNV,7,0,0,0,0,0,0,0,0,,,,,
8048x8026_138,8048x8026,138,36,3.7,WNV,7,0,0,0,0,0,0,0,0,,,,,
8048x8026_140,8048x8026,140,36,1.4,WNV,4,0,0,0,0,0,,,,,,,,
8048x8026_141,8048x8026,141,36,1.2,WNV,2,0,0,0,,,,,,,,,,
8048x8026_142,8048x8026,142,36,2.2,WNV,2,0,0,0,,,,,,,,,,
8048x8026_143,8048x8026,143,36,3.2,WNV,2,0,0,0,,,,,,,,,,
8048x8026_147,8048x8026,147,36,2.4,WNV,4,0,0,0,0,0,,,,,,,,
8048x8026_148,8048x8026,148,36,3.4,WNV,4,0,0,0,0,0,,,,,,,,
8049x8010_105,8049x8010,105,40,2.4,WNV,4,0,0,0,0,0,,,,,,,,
8049x8010_106,8049x8010,106,40,3.4,WNV,4,0,0,0,0,0,,,,,,,,
8049x8010_117,8049x8010,117,40,1.7,WNV,7,0,0,0,0,0,0,0,0,,,,,
8049x8010_118,8049x8010,118,40,2.7,WNV,7,0,0,0,0,0,0,0,0,,,,,
8049x8010_119,8049x8010,119,40,3.7,WNV,7,0,0,0,0,0,0,0,0,,,,,
8049x8010_68,8049x8010,68,40,1.2,WNV,2,0,0,0,,,,,,,,,,
8049x8010_69,8049x8010,69,40,2.2,WNV,2,0,0,0,,,,,,,,,,
8049x8010_70,8049x8010,70,40,3.2,WNV,2,0,0,0,,,,,,,,,,
8049x8010_86,8049x8010,86,40,1.12,WNV,12,0,0,0,0,0,0,0,0,0,0,1,0,0
8049x8010_90,8049x8010,90,40,1.4,WNV,4,0,0,0,0,0,,,,,,,,
8049x8010_91,8049x8010,91,40,2.12,WNV,12,0,0,0,0,0,0,0,0,0,1,1,1,2
8049x8010_92,8049x8010,92,40,3.12,WNV,12,0,0,0,0,0,0,0,0,0,1,1,1,1
8052x13421_1,8052x13421,1,95,1.4,WNV,4,0,0,0,0,0,,,,,,,,
8052x13421_10,8052x13421,10,95,3.7,WNV,7,0,0,0,0,0,0,0,0,,,,,
8052x13421_19,8052x13421,19,95,1.2,WNV,2,0,0,0,,,,,,,,,,
8052x13421_2,8052x13421,2,95,2.4,WNV,4,0,0,0,0,0,,,,,,,,
8052x13421_20,8052x13421,20,95,2.2,WNV,2,0,0,0,,,,,,,,,,
8052x13421_21,8052x13421,21,95,3.2,WNV,2,0,0,0,,,,,,,,,,
8052x13421_23,8052x13421,23,95,1.12,WNV,12,0,0,0,0,0,0,0,0,1,1,,,
8052x13421_24,8052x13421,24,95,2.12,WNV,12,0,0,0,0,0,0,0,0,1,1,2,,
8052x13421_3,8052x13421,3,95,1.7,WNV,7,0,0,0,0,0,0,0,0,,,,,
8052x13421_31,8052x13421,31,95,3.12,WNV,12,0,0,0,0,0,0,0,0,1,1,1,1,3
8052x13421_4,8052x13421,4,95,2.7,WNV,7,0,0,0,0,0,0,0,0,,,,,
8052x13421_9,8052x13421,9,95,3.4,WNV,4,0,0,0,0,0,,,,,,,,
8052x3415_30,8052x3415,30,44,1.12,WNV,12,0,0,0,0,0,0,0,0,0,0,0,0,0
8052x3415_33,8052x3415,33,44,2.12,WNV,12,0,0,0,0,0,0,0,0,0,0,0,0,0
8052x3415_34,8052x3415,34,44,3.12,WNV,12,0,0,0,0,0,0,0,0,0,0,0,0,0
8052x3415_44,8052x3415,44,44,1.2,WNV,2,0,0,0,,,,,,,,,,
8052x3415_45,8052x3415,45,44,2.2,WNV,2,0,0,0,,,,,,,,,,
8052x3415_5,8052x3415,5,44,1.4,WNV,4,0,0,0,0,0,,,,,,,,
8052x3415_51,8052x3415,51,44,1.7,WNV,7,0,0,0,0,0,0,0,0,,,,,
8052x3415_52,8052x3415,52,44,2.7,WNV,7,0,0,0,0,0,0,0,0,,,,,
8052x3415_53,8052x3415,53,44,3.7,WNV,7,0,0,0,0,0,0,0,0,,,,,
8052x3415_54,8052x3415,54,44,3.2,WNV,2,0,0,0,,,,,,,,,,
8052x3415_6,8052x3415,6,44,2.4,WNV,4,0,0,0,0,0,,,,,,,,
8052x3415_7,8052x3415,7,44,3.4,WNV,4,0,0,0,0,0,,,,,,,,
8054x8036_36,8054x8036,36,62,1.7,WNV,7,0,0,0,0,0,0,0,0,,,,,
8054x8036_37,8054x8036,37,62,2.7,WNV,7,0,0,0,0,0,0,0,0,,,,,
8054x8036_38,8054x8036,38,62,3.7,WNV,7,0,0,0,0,0,0,0,0,,,,,
8054x8036_53,8054x8036,53,62,1.4,WNV,4,0,0,0,0,0,,,,,,,,
8054x8036_54,8054x8036,54,62,2.4,WNV,4,0,0,0,0,0,,,,,,,,
8054x8036_55,8054x8036,55,62,3.4,WNV,4,0,0,0,0,0,,,,,,,,
8054x8036_61,8054x8036,61,62,1.2,WNV,2,0,0,0,,,,,,,,,,
8054x8036_70,8054x8036,70,62,2.2,WNV,2,0,0,0,,,,,,,,,,
8054x8036_71,8054x8036,71,62,3.2,WNV,2,0,0,0,,,,,,,,,,
8054x8036_83,8054x8036,83,62,1.12,WNV,12,0,0,0,0,0,0,0,0,0,0,0,0,0
8054x8036_84,8054x8036,84,62,2.12,WNV,12,0,0,0,0,0,0,0,0,0,0,0,0,0
8054x8036_95,8054x8036,95,62,3.12,WNV,12,0,0,0,0,0,0,0,0,0,0,0,0,0
8056x8033_109,8056x8033,109,61,1.7,WNV,7,0,0,0,0,0,0,0,0,,,,,
8056x8033_110,8056x8033,110,61,2.7,WNV,7,0,0,0,0,0,0,0,0,,,,,
8056x8033_111,8056x8033,111,61,3.7,WNV,7,0,0,0,0,0,0,0,0,,,,,
8056x8033_114,8056x8033,114,61,1.12,WNV,12,0,0,0,0,0,0,0,0,0,1,1,1,2
8056x8033_115,8056x8033,115,61,2.12,WNV,12,0,0,0,0,0,0,0,0,0,1,1,2,
8056x8033_116,8056x8033,116,61,3.12,WNV,12,0,0,0,0,0,0,0,0,0,1,1,1,1
8056x8033_141,8056x8033,141,61,1.2,WNV,2,0,0,0,,,,,,,,,,
8056x8033_142,8056x8033,142,61,2.2,WNV,2,0,0,0,,,,,,,,,,
8056x8033_143,8056x8033,143,61,1.4,WNV,4,0,0,0,0,0,,,,,,,,
8056x8033_144,8056x8033,144,61,2.4,WNV,4,0,0,0,0,0,,,,,,,,
8056x8033_148,8056x8033,148,61,3.2,WNV,2,0,0,0,,,,,,,,,,
8056x8033_149,8056x8033,149,61,3.4,WNV,4,0,0,0,0,0,,,,,,,,
